-- 题库内容的唯一持久化位置：Supabase。腾讯云 API 只读取和判题，不保存题干、选项、答案或解析。
alter table public.chapters add column if not exists description text not null default '';
alter table public.chapters add column if not exists intro text not null default '';
alter table public.chapters add column if not exists boss_name text not null default '';
alter table public.chapters add column if not exists boss_description text not null default '';
alter table public.levels add column if not exists summary text not null default '';

-- 题库不能被浏览器直接读取，尤其不能暴露 correct_answer；仅 API 的 service_role 可以访问。
alter table public.worlds enable row level security;
alter table public.chapters enable row level security;
alter table public.levels enable row level security;
alter table public.knowledge_points enable row level security;
alter table public.questions enable row level security;

insert into public.worlds (id,name,slug,description,theme,free_chapter_count,published,version) values
  ('culture','文化万象','culture','从典故、诗书到民俗，点亮文化脉络','culture',1,true,1),
  ('common','公考常识','common','法律、历史、科技与国情的判断训练','culture',1,true,1),
  ('history','华夏纪年','history','沿时间长河，重建人物与事件','history',1,false,1),
  ('numbers','数字工坊','numbers','把公式锻造成快速判断力','numbers',1,false,1)
on conflict (id) do update set name=excluded.name,slug=excluded.slug,description=excluded.description,theme=excluded.theme,free_chapter_count=excluded.free_chapter_count,published=excluded.published,version=excluded.version;

insert into public.chapters (id,world_id,name,sort,is_free,published,version,description,intro,boss_name,boss_description) values
  ('idiom-foundation','culture','成语初章',1,true,true,1,'25 个核心成语 · 65 道原创训练题','五星高频语义组负责公考辨析，历史典故负责人物与事件关系。','成语试炼','完成前五关后，解锁 15 道综合挑战。'),
  ('common-sense-foundation','common','常识初章',1,true,true,1,'法律、历史文化、科技生活、地理国情 · 100 道原创题','从现行法律、稳定历史文化和基础科学地理中建立公考常识判断框架。','常识综合试炼','完成前五关后，解锁 25 道跨领域综合挑战。')
on conflict (id) do update set world_id=excluded.world_id,name=excluded.name,sort=excluded.sort,is_free=excluded.is_free,published=excluded.published,version=excluded.version,description=excluded.description,intro=excluded.intro,boss_name=excluded.boss_name,boss_description=excluded.boss_description;

insert into public.levels (id,chapter_id,name,kind,sort,pass_score,reward_xp,published,version,summary) values
  ('idiom-1','idiom-foundation','1-1 侦察关','lesson',1,60,0,true,1,'认识高频成语与基本释义'),
  ('idiom-2','idiom-foundation','1-2 基础关','lesson',2,60,0,true,1,'判断成语的正确使用场景'),
  ('idiom-3','idiom-foundation','1-3 辨析关','lesson',3,60,0,true,1,'识别近义、反义与易错含义'),
  ('idiom-4','idiom-foundation','1-4 关系关','lesson',4,60,0,true,1,'连接成语、人物、事件与朝代'),
  ('idiom-5','idiom-foundation','1-5 应用关','lesson',5,60,0,true,1,'在公考与工作语境中准确使用'),
  ('idiom-boss','idiom-foundation','1-6 Boss · 成语试炼','boss',6,60,0,true,1,'综合释义、语境、辨析与典故关系'),
  ('common-1','common-sense-foundation','1-1 法治启程','lesson',1,60,0,true,1,'从宪法、民法、劳动与行政法认识基本规则'),
  ('common-2','common-sense-foundation','1-2 文脉溯源','lesson',2,60,0,true,1,'梳理中国历史、思想与文学常识'),
  ('common-3','common-sense-foundation','1-3 科学观察','lesson',3,60,0,true,1,'掌握物理、化学、生物与安全生活常识'),
  ('common-4','common-sense-foundation','1-4 山河国情','lesson',4,60,0,true,1,'建立中国地理、行政区与自然环境坐标'),
  ('common-5','common-sense-foundation','1-5 融会贯通','lesson',5,60,0,true,1,'在跨学科干扰项中辨别准确表述'),
  ('common-boss','common-sense-foundation','1-6 Boss · 常识综合试炼','boss',6,60,0,true,1,'法律、历史、科技、国情综合挑战')
on conflict (id) do update set chapter_id=excluded.chapter_id,name=excluded.name,kind=excluded.kind,sort=excluded.sort,pass_score=excluded.pass_score,reward_xp=excluded.reward_xp,published=excluded.published,version=excluded.version,summary=excluded.summary;

insert into public.knowledge_points (id,name,summary,core_fact,category,published,version) values ('daxingqidao','大行其道','某种观点或事物流行，成为一种风尚','某种观点或事物流行，成为一种风尚','盛行泛滥',true,1),('weiranchengfeng','蔚然成风','一件事情逐渐发展盛行，形成良好风气','一件事情逐渐发展盛行，形成良好风气','盛行泛滥',true,1),('fangxingweiai','方兴未艾','事物正在蓬勃发展，一时不会终止','事物正在蓬勃发展，一时不会终止','兴起发展',true,1),('ruhuorutu','如火如荼','事物发展旺盛、气氛热烈','事物发展旺盛、气氛热烈','兴起发展',true,1),('rixinyueyi','日新月异','发展进步很快，不断出现新事物','发展进步很快，不断出现新事物','兴起发展',true,1),('gegudingxin','革故鼎新','除去旧的，建立新的','除去旧的，建立新的','文化革新',true,1),('tuichenchuxin','推陈出新','去掉旧事物的糟粕，创造出新的事物','去掉旧事物的糟粕，创造出新的事物','文化革新',true,1),('fengmaolinjiao','凤毛麟角','珍贵而稀少的人或事物','珍贵而稀少的人或事物','数量多少',true,1),('bushengmeiju','不胜枚举','数量很多，无法一一列举','数量很多，无法一一列举','数量多少',true,1),('qianyimohua','潜移默化','思想或性格在不知不觉中受到感染而变化','思想或性格在不知不觉中受到感染而变化','影响教育',true,1),('chizhiyiheng','持之以恒','长久坚持下去','长久坚持下去','坚持积累',true,1),('houjibofa','厚积薄发','长期充分积累后再稳健地发挥出来','长期充分积累后再稳健地发挥出来','坚持积累',true,1),('shebenzhuimo','舍本逐末','不抓根本环节，只在枝节上下功夫','不抓根本环节，只在枝节上下功夫','主次根本',true,1),('benmodaozhi','本末倒置','把主要和次要、根本和枝节的位置弄颠倒','把主要和次要、根本和枝节的位置弄颠倒','主次根本',true,1),('daxiangjingting','大相径庭','彼此相差很大，完全不同','彼此相差很大，完全不同','差距差别',true,1),('yicuerjiu','一蹴而就','事情轻而易举，一下子就能完成','事情轻而易举，一下子就能完成','迅速及时',true,1),('yizhenjianxue','一针见血','说话或文章直截了当，切中要害','说话或文章直截了当，切中要害','要害适当',true,1),('yinuoqianjin','一诺千金','说话算数，信用极高','说话算数，信用极高','诚信典故',true,1),('pofuchenzhou','破釜沉舟','下定决心，不顾一切干到底','下定决心，不顾一切干到底','战事策略',true,1),('zhishangtanbing','纸上谈兵','空谈理论，不能解决实际问题','空谈理论，不能解决实际问题','战事策略',true,1),('wangmeizhike','望梅止渴','用空想或假象安慰自己','用空想或假象安慰自己','方法眼光',true,1),('tuibisanshe','退避三舍','主动退让，不与人相争','主动退让，不与人相争','战事策略',true,1),('zhiluweima','指鹿为马','故意颠倒黑白，混淆是非','故意颠倒黑白，混淆是非','道理争议',true,1),('weiweijiuzhao','围魏救赵','攻击敌人后方以迫使其撤回的策略','攻击敌人后方以迫使其撤回的策略','战事策略',true,1),('maosuizijian','毛遂自荐','自告奋勇，主动推荐自己','自告奋勇，主动推荐自己','杰出优秀',true,1),('law-constitution','宪法地位','宪法是国家的根本法，具有最高的法律效力。','宪法是国家的根本法，具有最高的法律效力。','法律',true,1),('law-equality','法律面前平等','中华人民共和国公民在法律面前一律平等。','中华人民共和国公民在法律面前一律平等。','法律',true,1),('law-dignity','人格尊严','公民的人格尊严不受侵犯，禁止用任何方法侮辱、诽谤和诬告陷害公民。','公民的人格尊严不受侵犯，禁止用任何方法侮辱、诽谤和诬告陷害公民。','法律',true,1),('law-vote','选举权','年满十八周岁的中国公民，除依法被剥夺政治权利者外，都有选举权和被选举权。','年满十八周岁的中国公民，除依法被剥夺政治权利者外，都有选举权和被选举权。','法律',true,1),('law-civil-adult','完全民事行为能力','十八周岁以上的自然人是成年人，具有完全民事行为能力。','十八周岁以上的自然人是成年人，具有完全民事行为能力。','法律',true,1),('law-civil-young','无民事行为能力人','不满八周岁的未成年人为无民事行为能力人。','不满八周岁的未成年人为无民事行为能力人。','法律',true,1),('law-civil-minor','限制民事行为能力人','八周岁以上的未成年人为限制民事行为能力人。','八周岁以上的未成年人为限制民事行为能力人。','法律',true,1),('law-property','物权保护','国家、集体、私人的物权和其他权利人的物权受法律平等保护，任何组织或者个人不得侵犯。','国家、集体、私人的物权和其他权利人的物权受法律平等保护，任何组织或者个人不得侵犯。','法律',true,1),('law-contract','合同成立','当事人采用合同书形式订立合同的，自当事人均签名、盖章或者按指印时合同成立。','当事人采用合同书形式订立合同的，自当事人均签名、盖章或者按指印时合同成立。','法律',true,1),('law-consumer','消费者权益','消费者享有知悉其购买、使用的商品或者接受的服务真实情况的权利。','消费者享有知悉其购买、使用的商品或者接受的服务真实情况的权利。','法律',true,1),('law-labor-hours','工作时间','国家实行劳动者每日工作时间不超过八小时、平均每周工作时间不超过四十四小时的工时制度。','国家实行劳动者每日工作时间不超过八小时、平均每周工作时间不超过四十四小时的工时制度。','法律',true,1),('law-labor-rest','休息日','用人单位应当保证劳动者每周至少休息一日。','用人单位应当保证劳动者每周至少休息一日。','法律',true,1),('law-criminal-age','刑事责任年龄','已满十六周岁的人犯罪，应当负刑事责任。','已满十六周岁的人犯罪，应当负刑事责任。','法律',true,1),('law-criminal-special','特殊刑责年龄','已满十四周岁不满十六周岁的人，对故意杀人等法定严重犯罪负刑事责任。','已满十四周岁不满十六周岁的人，对故意杀人等法定严重犯罪负刑事责任。','法律',true,1),('law-defense','正当防卫','为了使国家、公共利益、本人或者他人的人身、财产和其他权利免受正在进行的不法侵害，而采取制止不法侵害的行为，造成损害的，属于正当防卫。','为了使国家、公共利益、本人或者他人的人身、财产和其他权利免受正在进行的不法侵害，而采取制止不法侵害的行为，造成损害的，属于正当防卫。','法律',true,1),('law-emergency','紧急避险','为了使国家、公共利益、本人或者他人的人身、财产和其他权利免受正在发生的危险，不得已采取的紧急避险行为，造成损害的，不负刑事责任。','为了使国家、公共利益、本人或者他人的人身、财产和其他权利免受正在发生的危险，不得已采取的紧急避险行为，造成损害的，不负刑事责任。','法律',true,1),('law-admin-reconsider','行政复议','公民、法人或者其他组织认为行政行为侵犯其合法权益，可以依法申请行政复议。','公民、法人或者其他组织认为行政行为侵犯其合法权益，可以依法申请行政复议。','法律',true,1),('law-admin-litigation','行政诉讼','公民、法人或者其他组织认为行政机关和行政机关工作人员的行政行为侵犯其合法权益，有权依法向人民法院提起诉讼。','公民、法人或者其他组织认为行政机关和行政机关工作人员的行政行为侵犯其合法权益，有权依法向人民法院提起诉讼。','法律',true,1),('law-state-comp','国家赔偿','国家机关和国家机关工作人员违法行使职权侵犯公民、法人和其他组织合法权益造成损害的，受害人有依照法律取得国家赔偿的权利。','国家机关和国家机关工作人员违法行使职权侵犯公民、法人和其他组织合法权益造成损害的，受害人有依照法律取得国家赔偿的权利。','法律',true,1),('law-environment','环境保护','国家保护和改善生活环境和生态环境，防治污染和其他公害。','国家保护和改善生活环境和生态环境，防治污染和其他公害。','法律',true,1),('law-education','受教育权','中华人民共和国公民有受教育的权利和义务。','中华人民共和国公民有受教育的权利和义务。','法律',true,1),('law-marriage','婚姻自由','婚姻、家庭、母亲和儿童受国家保护，禁止破坏婚姻自由。','婚姻、家庭、母亲和儿童受国家保护，禁止破坏婚姻自由。','法律',true,1),('law-national-flag','国旗','中华人民共和国国旗是五星红旗。','中华人民共和国国旗是五星红旗。','法律',true,1),('law-national-emblem','国徽','中华人民共和国国徽中间是五星照耀下的天安门，周围是谷穗和齿轮。','中华人民共和国国徽中间是五星照耀下的天安门，周围是谷穗和齿轮。','法律',true,1),('law-rule','依法治国','中华人民共和国实行依法治国，建设社会主义法治国家。','中华人民共和国实行依法治国，建设社会主义法治国家。','法律',true,1),('hist-xia','夏朝','夏朝通常被视为中国史书中记载的第一个世袭制王朝。','夏朝通常被视为中国史书中记载的第一个世袭制王朝。','历史文化',true,1),('hist-qin','秦朝统一','秦始皇于公元前221年统一六国，建立秦朝。','秦始皇于公元前221年统一六国，建立秦朝。','历史文化',true,1),('hist-han','丝绸之路','张骞出使西域为汉代丝绸之路的开通奠定了基础。','张骞出使西域为汉代丝绸之路的开通奠定了基础。','历史文化',true,1),('hist-three','三国时期','三国时期通常指魏、蜀、吴三国鼎立的历史阶段。','三国时期通常指魏、蜀、吴三国鼎立的历史阶段。','历史文化',true,1),('hist-sui','隋朝运河','隋朝大运河沟通海河、黄河、淮河、长江和钱塘江五大水系。','隋朝大运河沟通海河、黄河、淮河、长江和钱塘江五大水系。','历史文化',true,1),('hist-tang','贞观之治','贞观之治是唐太宗李世民在位时期出现的政治清明、经济恢复发展的局面。','贞观之治是唐太宗李世民在位时期出现的政治清明、经济恢复发展的局面。','历史文化',true,1),('hist-song','活字印刷','北宋毕昇发明泥活字印刷术。','北宋毕昇发明泥活字印刷术。','历史文化',true,1),('hist-yuan','行省制度','元朝在地方实行行省制度，对后世地方行政制度影响深远。','元朝在地方实行行省制度，对后世地方行政制度影响深远。','历史文化',true,1),('hist-ming','郑和下西洋','郑和下西洋发生在明朝前期。','郑和下西洋发生在明朝前期。','历史文化',true,1),('hist-qing','康乾盛世','康乾盛世通常指清朝康熙、雍正、乾隆时期社会经济发展较快的阶段。','康乾盛世通常指清朝康熙、雍正、乾隆时期社会经济发展较快的阶段。','历史文化',true,1),('hist-reform','戊戌变法','戊戌变法发生于1898年，主张变法图强。','戊戌变法发生于1898年，主张变法图强。','历史文化',true,1),('hist-xinhai','辛亥革命','辛亥革命推翻了清朝统治，结束了中国延续两千多年的君主专制制度。','辛亥革命推翻了清朝统治，结束了中国延续两千多年的君主专制制度。','历史文化',true,1),('hist-four-inventions','四大发明','造纸术、印刷术、火药和指南针通常被称为中国古代四大发明。','造纸术、印刷术、火药和指南针通常被称为中国古代四大发明。','历史文化',true,1),('hist-oracle','甲骨文','甲骨文是刻在龟甲和兽骨上的文字，是汉字早期形态的重要实物资料。','甲骨文是刻在龟甲和兽骨上的文字，是汉字早期形态的重要实物资料。','历史文化',true,1),('hist-ru','儒家','儒家学派的创始人是孔子。','儒家学派的创始人是孔子。','历史文化',true,1),('hist-dao','道家','道家学派代表人物包括老子和庄子。','道家学派代表人物包括老子和庄子。','历史文化',true,1),('hist-mo','墨家','墨家学派的代表人物是墨子，主张兼爱、非攻。','墨家学派的代表人物是墨子，主张兼爱、非攻。','历史文化',true,1),('hist-legalism','法家','法家代表人物包括韩非，强调以法治国。','法家代表人物包括韩非，强调以法治国。','历史文化',true,1),('hist-poetry','诗经','《诗经》是中国最早的一部诗歌总集。','《诗经》是中国最早的一部诗歌总集。','历史文化',true,1),('hist-chuci','楚辞','《楚辞》以屈原作品为主，具有鲜明的楚地文化特色。','《楚辞》以屈原作品为主，具有鲜明的楚地文化特色。','历史文化',true,1),('hist-tang-poet','诗仙','李白被后人称为“诗仙”。','李白被后人称为“诗仙”。','历史文化',true,1),('hist-dufu','诗圣','杜甫被后人称为“诗圣”。','杜甫被后人称为“诗圣”。','历史文化',true,1),('hist-red','红楼梦','《红楼梦》的作者通常署为曹雪芹。','《红楼梦》的作者通常署为曹雪芹。','历史文化',true,1),('hist-water','水浒传','《水浒传》的作者通常署为施耐庵。','《水浒传》的作者通常署为施耐庵。','历史文化',true,1),('hist-journey','西游记','《西游记》的作者通常署为吴承恩。','《西游记》的作者通常署为吴承恩。','历史文化',true,1),('science-water','水的化学式','水的化学式是H₂O。','水的化学式是H₂O。','科技生活',true,1),('science-air','空气成分','干燥空气中体积分数最大的成分是氮气。','干燥空气中体积分数最大的成分是氮气。','科技生活',true,1),('science-light','光合作用','绿色植物通过光合作用利用光能，把二氧化碳和水转化为有机物，并释放氧气。','绿色植物通过光合作用利用光能，把二氧化碳和水转化为有机物，并释放氧气。','科技生活',true,1),('science-respiration','呼吸作用','生物呼吸作用会分解有机物并释放能量。','生物呼吸作用会分解有机物并释放能量。','科技生活',true,1),('science-cell','细胞','细胞是构成生物体结构和功能的基本单位。','细胞是构成生物体结构和功能的基本单位。','科技生活',true,1),('science-dna','遗传物质','DNA是主要的遗传物质。','DNA是主要的遗传物质。','科技生活',true,1),('science-virus','病毒','病毒不能独立完成生命活动，必须寄生在活细胞内。','病毒不能独立完成生命活动，必须寄生在活细胞内。','科技生活',true,1),('science-vaccine','疫苗','疫苗通过激发人体免疫反应，帮助机体获得针对特定病原体的保护。','疫苗通过激发人体免疫反应，帮助机体获得针对特定病原体的保护。','科技生活',true,1),('science-gravity','重力','地球附近物体受到的重力方向大致竖直向下。','地球附近物体受到的重力方向大致竖直向下。','科技生活',true,1),('science-inertia','惯性','物体保持原来运动状态不变的性质叫惯性。','物体保持原来运动状态不变的性质叫惯性。','科技生活',true,1),('science-force','力的作用效果','力可以改变物体的运动状态，也可以使物体发生形变。','力可以改变物体的运动状态，也可以使物体发生形变。','科技生活',true,1),('science-electric','串联电路','串联电路中各处电流相等。','串联电路中各处电流相等。','科技生活',true,1),('science-parallel','并联电路','并联电路中各支路两端电压相等。','并联电路中各支路两端电压相等。','科技生活',true,1),('science-conductor','导体','金属通常是良好的导体，因为其中有可以自由移动的电子。','金属通常是良好的导体，因为其中有可以自由移动的电子。','科技生活',true,1),('science-sound','声音传播','声音传播需要介质，真空中不能传声。','声音传播需要介质，真空中不能传声。','科技生活',true,1),('science-moon','月相','月相变化主要是由于月球绕地球运动时日、地、月三者相对位置不断改变。','月相变化主要是由于月球绕地球运动时日、地、月三者相对位置不断改变。','科技生活',true,1),('science-solar','太阳系','太阳是太阳系的中心天体。','太阳是太阳系的中心天体。','科技生活',true,1),('science-seasons','四季成因','地球四季变化与地轴倾斜和地球绕太阳公转有关。','地球四季变化与地轴倾斜和地球绕太阳公转有关。','科技生活',true,1),('science-ozone','臭氧层','平流层臭氧层能吸收部分太阳紫外线。','平流层臭氧层能吸收部分太阳紫外线。','科技生活',true,1),('science-greenhouse','温室气体','二氧化碳是重要的温室气体之一。','二氧化碳是重要的温室气体之一。','科技生活',true,1),('science-burn','燃烧条件','可燃物燃烧通常需要与氧气接触并达到着火点。','可燃物燃烧通常需要与氧气接触并达到着火点。','科技生活',true,1),('science-acidbase','酸碱性','pH小于7的溶液通常呈酸性，pH大于7的溶液通常呈碱性。','pH小于7的溶液通常呈酸性，pH大于7的溶液通常呈碱性。','科技生活',true,1),('science-recycle','可回收物','废纸、塑料、金属和玻璃等适宜回收利用的生活废弃物属于可回收物。','废纸、塑料、金属和玻璃等适宜回收利用的生活废弃物属于可回收物。','科技生活',true,1),('science-firstaid','心肺复苏','发现无反应且无正常呼吸者，应在确保环境安全后尽快呼救并实施心肺复苏。','发现无反应且无正常呼吸者，应在确保环境安全后尽快呼救并实施心肺复苏。','科技生活',true,1),('science-fire','火灾逃生','发生火灾时应优先选择安全疏散，不乘坐普通电梯逃生。','发生火灾时应优先选择安全疏散，不乘坐普通电梯逃生。','科技生活',true,1),('geo-capital','首都','中华人民共和国首都是北京。','中华人民共和国首都是北京。','地理国情',true,1),('geo-area','陆地面积','中国陆地国土面积约960万平方千米。','中国陆地国土面积约960万平方千米。','地理国情',true,1),('geo-coast','海陆位置','中国位于亚洲东部、太平洋西岸。','中国位于亚洲东部、太平洋西岸。','地理国情',true,1),('geo-neighbors','陆地邻国','中国陆地边界与14个国家相接。','中国陆地边界与14个国家相接。','地理国情',true,1),('geo-provinces','省级行政区','中国有34个省级行政区，包括省、自治区、直辖市和特别行政区。','中国有34个省级行政区，包括省、自治区、直辖市和特别行政区。','地理国情',true,1),('geo-river','长江','长江是中国第一大河，发源于青藏高原。','长江是中国第一大河，发源于青藏高原。','地理国情',true,1),('geo-yellow','黄河','黄河发源于青藏高原，是中华民族的母亲河之一。','黄河发源于青藏高原，是中华民族的母亲河之一。','地理国情',true,1),('geo-plateau','青藏高原','青藏高原平均海拔高，被称为“世界屋脊”。','青藏高原平均海拔高，被称为“世界屋脊”。','地理国情',true,1),('geo-basin','塔里木盆地','塔里木盆地是中国面积最大的盆地。','塔里木盆地是中国面积最大的盆地。','地理国情',true,1),('geo-desert','塔克拉玛干沙漠','塔克拉玛干沙漠位于塔里木盆地内，是中国最大的沙漠。','塔克拉玛干沙漠位于塔里木盆地内，是中国最大的沙漠。','地理国情',true,1),('geo-mountain','喜马拉雅山脉','喜马拉雅山脉是世界上最高大的山脉。','喜马拉雅山脉是世界上最高大的山脉。','地理国情',true,1),('geo-everest','珠穆朗玛峰','珠穆朗玛峰是世界最高峰，位于中国与尼泊尔边境。','珠穆朗玛峰是世界最高峰，位于中国与尼泊尔边境。','地理国情',true,1),('geo-climate','季风气候','中国东部地区受季风影响显著，夏季普遍高温多雨。','中国东部地区受季风影响显著，夏季普遍高温多雨。','地理国情',true,1),('geo-monsoonline','季风区分界','大兴安岭—阴山—贺兰山一线大致是中国季风区与非季风区的分界线。','大兴安岭—阴山—贺兰山一线大致是中国季风区与非季风区的分界线。','地理国情',true,1),('geo-huhe','人口地理线','黑河—腾冲一线常被称为中国人口地理分界线。','黑河—腾冲一线常被称为中国人口地理分界线。','地理国情',true,1),('geo-qinling','秦岭淮河','秦岭—淮河一线是中国重要的南北地理分界线。','秦岭—淮河一线是中国重要的南北地理分界线。','地理国情',true,1),('geo-rice','农业分布','秦岭—淮河以南地区耕地以水田为主，粮食作物以水稻为主。','秦岭—淮河以南地区耕地以水田为主，粮食作物以水稻为主。','地理国情',true,1),('geo-wheat','北方农业','秦岭—淮河以北地区耕地以旱地为主，粮食作物以小麦为主。','秦岭—淮河以北地区耕地以旱地为主，粮食作物以小麦为主。','地理国情',true,1),('geo-tibet','西藏自治区','西藏自治区的首府是拉萨。','西藏自治区的首府是拉萨。','地理国情',true,1),('geo-xinjiang','新疆维吾尔自治区','新疆维吾尔自治区的首府是乌鲁木齐。','新疆维吾尔自治区的首府是乌鲁木齐。','地理国情',true,1),('geo-guangxi','广西壮族自治区','广西壮族自治区的首府是南宁。','广西壮族自治区的首府是南宁。','地理国情',true,1),('geo-ningxia','宁夏回族自治区','宁夏回族自治区的首府是银川。','宁夏回族自治区的首府是银川。','地理国情',true,1),('geo-inner','内蒙古自治区','内蒙古自治区的首府是呼和浩特。','内蒙古自治区的首府是呼和浩特。','地理国情',true,1),('geo-hk','香港特别行政区','香港特别行政区位于珠江口东侧。','香港特别行政区位于珠江口东侧。','地理国情',true,1),('geo-macao','澳门特别行政区','澳门特别行政区位于珠江口西侧。','澳门特别行政区位于珠江口西侧。','地理国情',true,1) on conflict (id) do update set name=excluded.name,summary=excluded.summary,core_fact=excluded.core_fact,category=excluded.category,published=excluded.published,version=excluded.version;

insert into public.questions (id,knowledge_id,level_id,question_type,stem,options,correct_answer,explanation,difficulty,published,version) values ('def-daxingqidao','daxingqidao','idiom-1','single_choice','“大行其道”最准确的含义是？','{"questionId":"def-daxingqidao","knowledgeId":"daxingqidao","type":"single_choice","stem":"“大行其道”最准确的含义是？","options":[{"id":"A","text":"主动退让，不与人相争"},{"id":"B","text":"珍贵而稀少的人或事物"},{"id":"C","text":"某种观点或事物流行，成为一种风尚"},{"id":"D","text":"彼此相差很大，完全不同"}]}'::jsonb,'"C"'::jsonb,'{"summary":"某种观点或事物流行，成为一种风尚","whyCorrect":"“大行其道”的核心语义是：某种观点或事物流行，成为一种风尚。","whyUserAnswerWrong":"该选项忽略了成语的语义对象、感情色彩或使用条件。","commonMistake":"误作褒义的广泛推广","usageScene":"用于准确表达“某种观点或事物流行，成为一种风尚”的语境","relatedKnowledge":[],"memoryTip":"把“大行其道”记成：某种观点或事物流行，成为一种风尚。"}',2,true,1),('def-weiranchengfeng','weiranchengfeng','idiom-1','single_choice','“蔚然成风”最准确的含义是？','{"questionId":"def-weiranchengfeng","knowledgeId":"weiranchengfeng","type":"single_choice","stem":"“蔚然成风”最准确的含义是？","options":[{"id":"A","text":"故意颠倒黑白，混淆是非"},{"id":"B","text":"一件事情逐渐发展盛行，形成良好风气"},{"id":"C","text":"数量很多，无法一一列举"},{"id":"D","text":"事情轻而易举，一下子就能完成"}]}'::jsonb,'"B"'::jsonb,'{"summary":"一件事情逐渐发展盛行，形成良好风气","whyCorrect":"“蔚然成风”的核心语义是：一件事情逐渐发展盛行，形成良好风气。","whyUserAnswerWrong":"该选项忽略了成语的语义对象、感情色彩或使用条件。","commonMistake":"只凭字面理解，忽略语义对象和感情色彩","usageScene":"用于准确表达“一件事情逐渐发展盛行，形成良好风气”的语境","relatedKnowledge":[],"memoryTip":"把“蔚然成风”记成：一件事情逐渐发展盛行，形成良好风气。"}',2,true,1),('def-fangxingweiai','fangxingweiai','idiom-1','single_choice','“方兴未艾”最准确的含义是？','{"questionId":"def-fangxingweiai","knowledgeId":"fangxingweiai","type":"single_choice","stem":"“方兴未艾”最准确的含义是？","options":[{"id":"A","text":"事物正在蓬勃发展，一时不会终止"},{"id":"B","text":"攻击敌人后方以迫使其撤回的策略"},{"id":"C","text":"思想或性格在不知不觉中受到感染而变化"},{"id":"D","text":"说话或文章直截了当，切中要害"}]}'::jsonb,'"A"'::jsonb,'{"summary":"事物正在蓬勃发展，一时不会终止","whyCorrect":"“方兴未艾”的核心语义是：事物正在蓬勃发展，一时不会终止。","whyUserAnswerWrong":"该选项忽略了成语的语义对象、感情色彩或使用条件。","commonMistake":"只凭字面理解，忽略语义对象和感情色彩","usageScene":"用于准确表达“事物正在蓬勃发展，一时不会终止”的语境","relatedKnowledge":[],"memoryTip":"把“方兴未艾”记成：事物正在蓬勃发展，一时不会终止。"}',2,true,1),('def-ruhuorutu','ruhuorutu','idiom-1','single_choice','“如火如荼”最准确的含义是？','{"questionId":"def-ruhuorutu","knowledgeId":"ruhuorutu","type":"single_choice","stem":"“如火如荼”最准确的含义是？","options":[{"id":"A","text":"自告奋勇，主动推荐自己"},{"id":"B","text":"长久坚持下去"},{"id":"C","text":"说话算数，信用极高"},{"id":"D","text":"事物发展旺盛、气氛热烈"}]}'::jsonb,'"D"'::jsonb,'{"summary":"事物发展旺盛、气氛热烈","whyCorrect":"“如火如荼”的核心语义是：事物发展旺盛、气氛热烈。","whyUserAnswerWrong":"该选项忽略了成语的语义对象、感情色彩或使用条件。","commonMistake":"只凭字面理解，忽略语义对象和感情色彩","usageScene":"用于准确表达“事物发展旺盛、气氛热烈”的语境","relatedKnowledge":[],"memoryTip":"把“如火如荼”记成：事物发展旺盛、气氛热烈。"}',2,true,1),('def-rixinyueyi','rixinyueyi','idiom-1','single_choice','“日新月异”最准确的含义是？','{"questionId":"def-rixinyueyi","knowledgeId":"rixinyueyi","type":"single_choice","stem":"“日新月异”最准确的含义是？","options":[{"id":"A","text":"某种观点或事物流行，成为一种风尚"},{"id":"B","text":"发展进步很快，不断出现新事物"},{"id":"C","text":"长期充分积累后再稳健地发挥出来"},{"id":"D","text":"下定决心，不顾一切干到底"}]}'::jsonb,'"B"'::jsonb,'{"summary":"发展进步很快，不断出现新事物","whyCorrect":"“日新月异”的核心语义是：发展进步很快，不断出现新事物。","whyUserAnswerWrong":"该选项忽略了成语的语义对象、感情色彩或使用条件。","commonMistake":"只凭字面理解，忽略语义对象和感情色彩","usageScene":"用于准确表达“发展进步很快，不断出现新事物”的语境","relatedKnowledge":[],"memoryTip":"把“日新月异”记成：发展进步很快，不断出现新事物。"}',2,true,1),('def-gegudingxin','gegudingxin','idiom-1','single_choice','“革故鼎新”最准确的含义是？','{"questionId":"def-gegudingxin","knowledgeId":"gegudingxin","type":"single_choice","stem":"“革故鼎新”最准确的含义是？","options":[{"id":"A","text":"一件事情逐渐发展盛行，形成良好风气"},{"id":"B","text":"不抓根本环节，只在枝节上下功夫"},{"id":"C","text":"空谈理论，不能解决实际问题"},{"id":"D","text":"除去旧的，建立新的"}]}'::jsonb,'"D"'::jsonb,'{"summary":"除去旧的，建立新的","whyCorrect":"“革故鼎新”的核心语义是：除去旧的，建立新的。","whyUserAnswerWrong":"该选项忽略了成语的语义对象、感情色彩或使用条件。","commonMistake":"只凭字面理解，忽略语义对象和感情色彩","usageScene":"用于准确表达“除去旧的，建立新的”的语境","relatedKnowledge":[{"id":"推陈出新","name":"推陈出新","relation":"近义辨析"}],"memoryTip":"把“革故鼎新”记成：除去旧的，建立新的。"}',2,true,1),('def-tuichenchuxin','tuichenchuxin','idiom-1','single_choice','“推陈出新”最准确的含义是？','{"questionId":"def-tuichenchuxin","knowledgeId":"tuichenchuxin","type":"single_choice","stem":"“推陈出新”最准确的含义是？","options":[{"id":"A","text":"去掉旧事物的糟粕，创造出新的事物"},{"id":"B","text":"事物正在蓬勃发展，一时不会终止"},{"id":"C","text":"把主要和次要、根本和枝节的位置弄颠倒"},{"id":"D","text":"用空想或假象安慰自己"}]}'::jsonb,'"A"'::jsonb,'{"summary":"去掉旧事物的糟粕，创造出新的事物","whyCorrect":"“推陈出新”的核心语义是：去掉旧事物的糟粕，创造出新的事物。","whyUserAnswerWrong":"该选项忽略了成语的语义对象、感情色彩或使用条件。","commonMistake":"只凭字面理解，忽略语义对象和感情色彩","usageScene":"用于准确表达“去掉旧事物的糟粕，创造出新的事物”的语境","relatedKnowledge":[{"id":"革故鼎新","name":"革故鼎新","relation":"近义辨析"}],"memoryTip":"把“推陈出新”记成：去掉旧事物的糟粕，创造出新的事物。"}',2,true,1),('def-fengmaolinjiao','fengmaolinjiao','idiom-1','single_choice','“凤毛麟角”最准确的含义是？','{"questionId":"def-fengmaolinjiao","knowledgeId":"fengmaolinjiao","type":"single_choice","stem":"“凤毛麟角”最准确的含义是？","options":[{"id":"A","text":"事物发展旺盛、气氛热烈"},{"id":"B","text":"珍贵而稀少的人或事物"},{"id":"C","text":"彼此相差很大，完全不同"},{"id":"D","text":"主动退让，不与人相争"}]}'::jsonb,'"B"'::jsonb,'{"summary":"珍贵而稀少的人或事物","whyCorrect":"“凤毛麟角”的核心语义是：珍贵而稀少的人或事物。","whyUserAnswerWrong":"该选项忽略了成语的语义对象、感情色彩或使用条件。","commonMistake":"只凭字面理解，忽略语义对象和感情色彩","usageScene":"用于准确表达“珍贵而稀少的人或事物”的语境","relatedKnowledge":[{"id":"屈指可数","name":"屈指可数","relation":"近义辨析"}],"memoryTip":"把“凤毛麟角”记成：珍贵而稀少的人或事物。"}',2,true,1),('def-bushengmeiju','bushengmeiju','idiom-1','single_choice','“不胜枚举”最准确的含义是？','{"questionId":"def-bushengmeiju","knowledgeId":"bushengmeiju","type":"single_choice","stem":"“不胜枚举”最准确的含义是？","options":[{"id":"A","text":"数量很多，无法一一列举"},{"id":"B","text":"发展进步很快，不断出现新事物"},{"id":"C","text":"事情轻而易举，一下子就能完成"},{"id":"D","text":"故意颠倒黑白，混淆是非"}]}'::jsonb,'"A"'::jsonb,'{"summary":"数量很多，无法一一列举","whyCorrect":"“不胜枚举”的核心语义是：数量很多，无法一一列举。","whyUserAnswerWrong":"该选项忽略了成语的语义对象、感情色彩或使用条件。","commonMistake":"只凭字面理解，忽略语义对象和感情色彩","usageScene":"用于准确表达“数量很多，无法一一列举”的语境","relatedKnowledge":[],"memoryTip":"把“不胜枚举”记成：数量很多，无法一一列举。"}',2,true,1),('def-qianyimohua','qianyimohua','idiom-1','single_choice','“潜移默化”最准确的含义是？','{"questionId":"def-qianyimohua","knowledgeId":"qianyimohua","type":"single_choice","stem":"“潜移默化”最准确的含义是？","options":[{"id":"A","text":"除去旧的，建立新的"},{"id":"B","text":"说话或文章直截了当，切中要害"},{"id":"C","text":"思想或性格在不知不觉中受到感染而变化"},{"id":"D","text":"攻击敌人后方以迫使其撤回的策略"}]}'::jsonb,'"C"'::jsonb,'{"summary":"思想或性格在不知不觉中受到感染而变化","whyCorrect":"“潜移默化”的核心语义是：思想或性格在不知不觉中受到感染而变化。","whyUserAnswerWrong":"该选项忽略了成语的语义对象、感情色彩或使用条件。","commonMistake":"只凭字面理解，忽略语义对象和感情色彩","usageScene":"用于准确表达“思想或性格在不知不觉中受到感染而变化”的语境","relatedKnowledge":[],"memoryTip":"把“潜移默化”记成：思想或性格在不知不觉中受到感染而变化。"}',2,true,1),('scene-daxingqidao','daxingqidao','idiom-2','scene_judgment','判断“大行其道”使用是否恰当','{"questionId":"scene-daxingqidao","knowledgeId":"daxingqidao","type":"scene_judgment","stem":"判断“大行其道”使用是否恰当","scene":"他第一个获得冠军，真是“大行其道”。","options":[{"id":"A","text":"恰当"},{"id":"B","text":"不恰当"}]}'::jsonb,'"B"'::jsonb,'{"summary":"某种观点或事物流行，成为一种风尚","whyCorrect":"“大行其道”的核心语义是：某种观点或事物流行，成为一种风尚。","whyUserAnswerWrong":"该选项忽略了成语的语义对象、感情色彩或使用条件。","commonMistake":"误作褒义的广泛推广","usageScene":"用于准确表达“某种观点或事物流行，成为一种风尚”的语境","relatedKnowledge":[],"memoryTip":"把“大行其道”记成：某种观点或事物流行，成为一种风尚。"}',3,true,1),('scene-weiranchengfeng','weiranchengfeng','idiom-2','scene_judgment','判断“蔚然成风”使用是否恰当','{"questionId":"scene-weiranchengfeng","knowledgeId":"weiranchengfeng","type":"scene_judgment","stem":"判断“蔚然成风”使用是否恰当","scene":"这句话使用“蔚然成风”准确概括了材料的核心特征。","options":[{"id":"A","text":"恰当"},{"id":"B","text":"不恰当"}]}'::jsonb,'"A"'::jsonb,'{"summary":"一件事情逐渐发展盛行，形成良好风气","whyCorrect":"“蔚然成风”的核心语义是：一件事情逐渐发展盛行，形成良好风气。","whyUserAnswerWrong":"该选项忽略了成语的语义对象、感情色彩或使用条件。","commonMistake":"只凭字面理解，忽略语义对象和感情色彩","usageScene":"用于准确表达“一件事情逐渐发展盛行，形成良好风气”的语境","relatedKnowledge":[],"memoryTip":"把“蔚然成风”记成：一件事情逐渐发展盛行，形成良好风气。"}',3,true,1),('scene-fangxingweiai','fangxingweiai','idiom-2','scene_judgment','判断“方兴未艾”使用是否恰当','{"questionId":"scene-fangxingweiai","knowledgeId":"fangxingweiai","type":"scene_judgment","stem":"判断“方兴未艾”使用是否恰当","scene":"他第一个获得冠军，真是“方兴未艾”。","options":[{"id":"A","text":"恰当"},{"id":"B","text":"不恰当"}]}'::jsonb,'"B"'::jsonb,'{"summary":"事物正在蓬勃发展，一时不会终止","whyCorrect":"“方兴未艾”的核心语义是：事物正在蓬勃发展，一时不会终止。","whyUserAnswerWrong":"该选项忽略了成语的语义对象、感情色彩或使用条件。","commonMistake":"只凭字面理解，忽略语义对象和感情色彩","usageScene":"用于准确表达“事物正在蓬勃发展，一时不会终止”的语境","relatedKnowledge":[],"memoryTip":"把“方兴未艾”记成：事物正在蓬勃发展，一时不会终止。"}',3,true,1),('scene-ruhuorutu','ruhuorutu','idiom-2','scene_judgment','判断“如火如荼”使用是否恰当','{"questionId":"scene-ruhuorutu","knowledgeId":"ruhuorutu","type":"scene_judgment","stem":"判断“如火如荼”使用是否恰当","scene":"这句话使用“如火如荼”准确概括了材料的核心特征。","options":[{"id":"A","text":"恰当"},{"id":"B","text":"不恰当"}]}'::jsonb,'"A"'::jsonb,'{"summary":"事物发展旺盛、气氛热烈","whyCorrect":"“如火如荼”的核心语义是：事物发展旺盛、气氛热烈。","whyUserAnswerWrong":"该选项忽略了成语的语义对象、感情色彩或使用条件。","commonMistake":"只凭字面理解，忽略语义对象和感情色彩","usageScene":"用于准确表达“事物发展旺盛、气氛热烈”的语境","relatedKnowledge":[],"memoryTip":"把“如火如荼”记成：事物发展旺盛、气氛热烈。"}',3,true,1),('scene-rixinyueyi','rixinyueyi','idiom-2','scene_judgment','判断“日新月异”使用是否恰当','{"questionId":"scene-rixinyueyi","knowledgeId":"rixinyueyi","type":"scene_judgment","stem":"判断“日新月异”使用是否恰当","scene":"他第一个获得冠军，真是“日新月异”。","options":[{"id":"A","text":"恰当"},{"id":"B","text":"不恰当"}]}'::jsonb,'"B"'::jsonb,'{"summary":"发展进步很快，不断出现新事物","whyCorrect":"“日新月异”的核心语义是：发展进步很快，不断出现新事物。","whyUserAnswerWrong":"该选项忽略了成语的语义对象、感情色彩或使用条件。","commonMistake":"只凭字面理解，忽略语义对象和感情色彩","usageScene":"用于准确表达“发展进步很快，不断出现新事物”的语境","relatedKnowledge":[],"memoryTip":"把“日新月异”记成：发展进步很快，不断出现新事物。"}',3,true,1),('scene-gegudingxin','gegudingxin','idiom-2','scene_judgment','判断“革故鼎新”使用是否恰当','{"questionId":"scene-gegudingxin","knowledgeId":"gegudingxin","type":"scene_judgment","stem":"判断“革故鼎新”使用是否恰当","scene":"这句话使用“革故鼎新”准确概括了材料的核心特征。","options":[{"id":"A","text":"恰当"},{"id":"B","text":"不恰当"}]}'::jsonb,'"A"'::jsonb,'{"summary":"除去旧的，建立新的","whyCorrect":"“革故鼎新”的核心语义是：除去旧的，建立新的。","whyUserAnswerWrong":"该选项忽略了成语的语义对象、感情色彩或使用条件。","commonMistake":"只凭字面理解，忽略语义对象和感情色彩","usageScene":"用于准确表达“除去旧的，建立新的”的语境","relatedKnowledge":[{"id":"推陈出新","name":"推陈出新","relation":"近义辨析"}],"memoryTip":"把“革故鼎新”记成：除去旧的，建立新的。"}',3,true,1),('scene-tuichenchuxin','tuichenchuxin','idiom-2','scene_judgment','判断“推陈出新”使用是否恰当','{"questionId":"scene-tuichenchuxin","knowledgeId":"tuichenchuxin","type":"scene_judgment","stem":"判断“推陈出新”使用是否恰当","scene":"他第一个获得冠军，真是“推陈出新”。","options":[{"id":"A","text":"恰当"},{"id":"B","text":"不恰当"}]}'::jsonb,'"B"'::jsonb,'{"summary":"去掉旧事物的糟粕，创造出新的事物","whyCorrect":"“推陈出新”的核心语义是：去掉旧事物的糟粕，创造出新的事物。","whyUserAnswerWrong":"该选项忽略了成语的语义对象、感情色彩或使用条件。","commonMistake":"只凭字面理解，忽略语义对象和感情色彩","usageScene":"用于准确表达“去掉旧事物的糟粕，创造出新的事物”的语境","relatedKnowledge":[{"id":"革故鼎新","name":"革故鼎新","relation":"近义辨析"}],"memoryTip":"把“推陈出新”记成：去掉旧事物的糟粕，创造出新的事物。"}',3,true,1),('scene-fengmaolinjiao','fengmaolinjiao','idiom-2','scene_judgment','判断“凤毛麟角”使用是否恰当','{"questionId":"scene-fengmaolinjiao","knowledgeId":"fengmaolinjiao","type":"scene_judgment","stem":"判断“凤毛麟角”使用是否恰当","scene":"这句话使用“凤毛麟角”准确概括了材料的核心特征。","options":[{"id":"A","text":"恰当"},{"id":"B","text":"不恰当"}]}'::jsonb,'"A"'::jsonb,'{"summary":"珍贵而稀少的人或事物","whyCorrect":"“凤毛麟角”的核心语义是：珍贵而稀少的人或事物。","whyUserAnswerWrong":"该选项忽略了成语的语义对象、感情色彩或使用条件。","commonMistake":"只凭字面理解，忽略语义对象和感情色彩","usageScene":"用于准确表达“珍贵而稀少的人或事物”的语境","relatedKnowledge":[{"id":"屈指可数","name":"屈指可数","relation":"近义辨析"}],"memoryTip":"把“凤毛麟角”记成：珍贵而稀少的人或事物。"}',3,true,1),('scene-bushengmeiju','bushengmeiju','idiom-2','scene_judgment','判断“不胜枚举”使用是否恰当','{"questionId":"scene-bushengmeiju","knowledgeId":"bushengmeiju","type":"scene_judgment","stem":"判断“不胜枚举”使用是否恰当","scene":"这句话使用“不胜枚举”准确概括了材料的核心特征。","options":[{"id":"A","text":"恰当"},{"id":"B","text":"不恰当"}]}'::jsonb,'"A"'::jsonb,'{"summary":"数量很多，无法一一列举","whyCorrect":"“不胜枚举”的核心语义是：数量很多，无法一一列举。","whyUserAnswerWrong":"该选项忽略了成语的语义对象、感情色彩或使用条件。","commonMistake":"只凭字面理解，忽略语义对象和感情色彩","usageScene":"用于准确表达“数量很多，无法一一列举”的语境","relatedKnowledge":[],"memoryTip":"把“不胜枚举”记成：数量很多，无法一一列举。"}',3,true,1),('scene-qianyimohua','qianyimohua','idiom-2','scene_judgment','判断“潜移默化”使用是否恰当','{"questionId":"scene-qianyimohua","knowledgeId":"qianyimohua","type":"scene_judgment","stem":"判断“潜移默化”使用是否恰当","scene":"这句话使用“潜移默化”准确概括了材料的核心特征。","options":[{"id":"A","text":"恰当"},{"id":"B","text":"不恰当"}]}'::jsonb,'"A"'::jsonb,'{"summary":"思想或性格在不知不觉中受到感染而变化","whyCorrect":"“潜移默化”的核心语义是：思想或性格在不知不觉中受到感染而变化。","whyUserAnswerWrong":"该选项忽略了成语的语义对象、感情色彩或使用条件。","commonMistake":"只凭字面理解，忽略语义对象和感情色彩","usageScene":"用于准确表达“思想或性格在不知不觉中受到感染而变化”的语境","relatedKnowledge":[],"memoryTip":"把“潜移默化”记成：思想或性格在不知不觉中受到感染而变化。"}',3,true,1),('distinguish-chizhiyiheng','chizhiyiheng','idiom-3','single_choice','“持之以恒”最准确的含义是？','{"questionId":"distinguish-chizhiyiheng","knowledgeId":"chizhiyiheng","type":"single_choice","stem":"“持之以恒”最准确的含义是？","options":[{"id":"A","text":"去掉旧事物的糟粕，创造出新的事物"},{"id":"B","text":"长久坚持下去"},{"id":"C","text":"说话算数，信用极高"},{"id":"D","text":"自告奋勇，主动推荐自己"}]}'::jsonb,'"B"'::jsonb,'{"summary":"长久坚持下去","whyCorrect":"“持之以恒”的核心语义是：长久坚持下去。","whyUserAnswerWrong":"该选项忽略了成语的语义对象、感情色彩或使用条件。","commonMistake":"只凭字面理解，忽略语义对象和感情色彩","usageScene":"用于准确表达“长久坚持下去”的语境","relatedKnowledge":[{"id":"坚持不懈","name":"坚持不懈","relation":"近义辨析"}],"memoryTip":"把“持之以恒”记成：长久坚持下去。"}',2,true,1),('distinguish-houjibofa','houjibofa','idiom-3','single_choice','“厚积薄发”最准确的含义是？','{"questionId":"distinguish-houjibofa","knowledgeId":"houjibofa","type":"single_choice","stem":"“厚积薄发”最准确的含义是？","options":[{"id":"A","text":"珍贵而稀少的人或事物"},{"id":"B","text":"下定决心，不顾一切干到底"},{"id":"C","text":"长期充分积累后再稳健地发挥出来"},{"id":"D","text":"某种观点或事物流行，成为一种风尚"}]}'::jsonb,'"C"'::jsonb,'{"summary":"长期充分积累后再稳健地发挥出来","whyCorrect":"“厚积薄发”的核心语义是：长期充分积累后再稳健地发挥出来。","whyUserAnswerWrong":"该选项忽略了成语的语义对象、感情色彩或使用条件。","commonMistake":"只凭字面理解，忽略语义对象和感情色彩","usageScene":"用于准确表达“长期充分积累后再稳健地发挥出来”的语境","relatedKnowledge":[],"memoryTip":"把“厚积薄发”记成：长期充分积累后再稳健地发挥出来。"}',2,true,1),('distinguish-shebenzhuimo','shebenzhuimo','idiom-3','single_choice','“舍本逐末”最准确的含义是？','{"questionId":"distinguish-shebenzhuimo","knowledgeId":"shebenzhuimo","type":"single_choice","stem":"“舍本逐末”最准确的含义是？","options":[{"id":"A","text":"数量很多，无法一一列举"},{"id":"B","text":"空谈理论，不能解决实际问题"},{"id":"C","text":"一件事情逐渐发展盛行，形成良好风气"},{"id":"D","text":"不抓根本环节，只在枝节上下功夫"}]}'::jsonb,'"D"'::jsonb,'{"summary":"不抓根本环节，只在枝节上下功夫","whyCorrect":"“舍本逐末”的核心语义是：不抓根本环节，只在枝节上下功夫。","whyUserAnswerWrong":"该选项忽略了成语的语义对象、感情色彩或使用条件。","commonMistake":"只凭字面理解，忽略语义对象和感情色彩","usageScene":"用于准确表达“不抓根本环节，只在枝节上下功夫”的语境","relatedKnowledge":[{"id":"本末倒置","name":"本末倒置","relation":"近义辨析"}],"memoryTip":"把“舍本逐末”记成：不抓根本环节，只在枝节上下功夫。"}',2,true,1),('distinguish-benmodaozhi','benmodaozhi','idiom-3','single_choice','“本末倒置”最准确的含义是？','{"questionId":"distinguish-benmodaozhi","knowledgeId":"benmodaozhi","type":"single_choice","stem":"“本末倒置”最准确的含义是？","options":[{"id":"A","text":"把主要和次要、根本和枝节的位置弄颠倒"},{"id":"B","text":"思想或性格在不知不觉中受到感染而变化"},{"id":"C","text":"用空想或假象安慰自己"},{"id":"D","text":"事物正在蓬勃发展，一时不会终止"}]}'::jsonb,'"A"'::jsonb,'{"summary":"把主要和次要、根本和枝节的位置弄颠倒","whyCorrect":"“本末倒置”的核心语义是：把主要和次要、根本和枝节的位置弄颠倒。","whyUserAnswerWrong":"该选项忽略了成语的语义对象、感情色彩或使用条件。","commonMistake":"只凭字面理解，忽略语义对象和感情色彩","usageScene":"用于准确表达“把主要和次要、根本和枝节的位置弄颠倒”的语境","relatedKnowledge":[],"memoryTip":"把“本末倒置”记成：把主要和次要、根本和枝节的位置弄颠倒。"}',2,true,1),('distinguish-daxiangjingting','daxiangjingting','idiom-3','single_choice','“大相径庭”最准确的含义是？','{"questionId":"distinguish-daxiangjingting","knowledgeId":"daxiangjingting","type":"single_choice","stem":"“大相径庭”最准确的含义是？","options":[{"id":"A","text":"长久坚持下去"},{"id":"B","text":"主动退让，不与人相争"},{"id":"C","text":"彼此相差很大，完全不同"},{"id":"D","text":"事物发展旺盛、气氛热烈"}]}'::jsonb,'"C"'::jsonb,'{"summary":"彼此相差很大，完全不同","whyCorrect":"“大相径庭”的核心语义是：彼此相差很大，完全不同。","whyUserAnswerWrong":"该选项忽略了成语的语义对象、感情色彩或使用条件。","commonMistake":"只凭字面理解，忽略语义对象和感情色彩","usageScene":"用于准确表达“彼此相差很大，完全不同”的语境","relatedKnowledge":[],"memoryTip":"把“大相径庭”记成：彼此相差很大，完全不同。"}',2,true,1),('distinguish-yicuerjiu','yicuerjiu','idiom-3','single_choice','“一蹴而就”最准确的含义是？','{"questionId":"distinguish-yicuerjiu","knowledgeId":"yicuerjiu","type":"single_choice","stem":"“一蹴而就”最准确的含义是？","options":[{"id":"A","text":"长期充分积累后再稳健地发挥出来"},{"id":"B","text":"故意颠倒黑白，混淆是非"},{"id":"C","text":"发展进步很快，不断出现新事物"},{"id":"D","text":"事情轻而易举，一下子就能完成"}]}'::jsonb,'"D"'::jsonb,'{"summary":"事情轻而易举，一下子就能完成","whyCorrect":"“一蹴而就”的核心语义是：事情轻而易举，一下子就能完成。","whyUserAnswerWrong":"该选项忽略了成语的语义对象、感情色彩或使用条件。","commonMistake":"常用于否定句，强调复杂事情不能一下完成","usageScene":"用于准确表达“事情轻而易举，一下子就能完成”的语境","relatedKnowledge":[],"memoryTip":"把“一蹴而就”记成：事情轻而易举，一下子就能完成。"}',2,true,1),('distinguish-yizhenjianxue','yizhenjianxue','idiom-3','single_choice','“一针见血”最准确的含义是？','{"questionId":"distinguish-yizhenjianxue","knowledgeId":"yizhenjianxue","type":"single_choice","stem":"“一针见血”最准确的含义是？","options":[{"id":"A","text":"说话或文章直截了当，切中要害"},{"id":"B","text":"不抓根本环节，只在枝节上下功夫"},{"id":"C","text":"攻击敌人后方以迫使其撤回的策略"},{"id":"D","text":"除去旧的，建立新的"}]}'::jsonb,'"A"'::jsonb,'{"summary":"说话或文章直截了当，切中要害","whyCorrect":"“一针见血”的核心语义是：说话或文章直截了当，切中要害。","whyUserAnswerWrong":"该选项忽略了成语的语义对象、感情色彩或使用条件。","commonMistake":"只凭字面理解，忽略语义对象和感情色彩","usageScene":"用于准确表达“说话或文章直截了当，切中要害”的语境","relatedKnowledge":[],"memoryTip":"把“一针见血”记成：说话或文章直截了当，切中要害。"}',2,true,1),('distinguish-yinuoqianjin','yinuoqianjin','idiom-3','single_choice','“一诺千金”最准确的含义是？','{"questionId":"distinguish-yinuoqianjin","knowledgeId":"yinuoqianjin","type":"single_choice","stem":"“一诺千金”最准确的含义是？","options":[{"id":"A","text":"把主要和次要、根本和枝节的位置弄颠倒"},{"id":"B","text":"说话算数，信用极高"},{"id":"C","text":"自告奋勇，主动推荐自己"},{"id":"D","text":"去掉旧事物的糟粕，创造出新的事物"}]}'::jsonb,'"B"'::jsonb,'{"summary":"说话算数，信用极高","whyCorrect":"“一诺千金”的核心语义是：说话算数，信用极高。","whyUserAnswerWrong":"该选项忽略了成语的语义对象、感情色彩或使用条件。","commonMistake":"只凭字面理解，忽略语义对象和感情色彩","usageScene":"用于准确表达“说话算数，信用极高”的语境","relatedKnowledge":[],"memoryTip":"季布的一句承诺，比千金更贵"}',2,true,1) on conflict (id) do update set knowledge_id=excluded.knowledge_id,level_id=excluded.level_id,question_type=excluded.question_type,stem=excluded.stem,options=excluded.options,correct_answer=excluded.correct_answer,explanation=excluded.explanation,difficulty=excluded.difficulty,published=excluded.published,version=excluded.version;

insert into public.questions (id,knowledge_id,level_id,question_type,stem,options,correct_answer,explanation,difficulty,published,version) values ('distinguish-pofuchenzhou','pofuchenzhou','idiom-3','single_choice','“破釜沉舟”最准确的含义是？','{"questionId":"distinguish-pofuchenzhou","knowledgeId":"pofuchenzhou","type":"single_choice","stem":"“破釜沉舟”最准确的含义是？","options":[{"id":"A","text":"下定决心，不顾一切干到底"},{"id":"B","text":"彼此相差很大，完全不同"},{"id":"C","text":"某种观点或事物流行，成为一种风尚"},{"id":"D","text":"珍贵而稀少的人或事物"}]}'::jsonb,'"A"'::jsonb,'{"summary":"下定决心，不顾一切干到底","whyCorrect":"“破釜沉舟”的核心语义是：下定决心，不顾一切干到底。","whyUserAnswerWrong":"该选项忽略了成语的语义对象、感情色彩或使用条件。","commonMistake":"只凭字面理解，忽略语义对象和感情色彩","usageScene":"用于准确表达“下定决心，不顾一切干到底”的语境","relatedKnowledge":[],"memoryTip":"把“破釜沉舟”记成：下定决心，不顾一切干到底。"}',2,true,1),('distinguish-zhishangtanbing','zhishangtanbing','idiom-3','single_choice','“纸上谈兵”最准确的含义是？','{"questionId":"distinguish-zhishangtanbing","knowledgeId":"zhishangtanbing","type":"single_choice","stem":"“纸上谈兵”最准确的含义是？","options":[{"id":"A","text":"事情轻而易举，一下子就能完成"},{"id":"B","text":"空谈理论，不能解决实际问题"},{"id":"C","text":"一件事情逐渐发展盛行，形成良好风气"},{"id":"D","text":"数量很多，无法一一列举"}]}'::jsonb,'"B"'::jsonb,'{"summary":"空谈理论，不能解决实际问题","whyCorrect":"“纸上谈兵”的核心语义是：空谈理论，不能解决实际问题。","whyUserAnswerWrong":"该选项忽略了成语的语义对象、感情色彩或使用条件。","commonMistake":"只凭字面理解，忽略语义对象和感情色彩","usageScene":"用于准确表达“空谈理论，不能解决实际问题”的语境","relatedKnowledge":[],"memoryTip":"把“纸上谈兵”记成：空谈理论，不能解决实际问题。"}',2,true,1),('rel-1','yinuoqianjin','idiom-4','relation_match','把成语与对应的典故人物连接起来','{"questionId":"rel-1","knowledgeId":"yinuoqianjin","type":"relation_match","stem":"把成语与对应的典故人物连接起来","leftItems":[{"id":"yinuoqianjin","text":"一诺千金"},{"id":"pofuchenzhou","text":"破釜沉舟"},{"id":"zhishangtanbing","text":"纸上谈兵"}],"rightItems":[{"id":"person-zhishangtanbing","text":"赵括"},{"id":"person-pofuchenzhou","text":"项羽"},{"id":"person-yinuoqianjin","text":"季布"}]}'::jsonb,'[{"leftId":"yinuoqianjin","rightId":"person-yinuoqianjin"},{"leftId":"pofuchenzhou","rightId":"person-pofuchenzhou"},{"leftId":"zhishangtanbing","rightId":"person-zhishangtanbing"}]'::jsonb,'{"summary":"这些成语都来自真实历史典故。","whyCorrect":"一诺千金—季布；破釜沉舟—项羽；纸上谈兵—赵括","commonMistake":"只记成语含义，没有建立人物与事件联系。","memoryTip":"按人物—事件—成语三点成线记忆。"}',3,true,1),('rel-2','pofuchenzhou','idiom-4','relation_match','把成语与对应的典故人物连接起来','{"questionId":"rel-2","knowledgeId":"pofuchenzhou","type":"relation_match","stem":"把成语与对应的典故人物连接起来","leftItems":[{"id":"pofuchenzhou","text":"破釜沉舟"},{"id":"zhishangtanbing","text":"纸上谈兵"},{"id":"wangmeizhike","text":"望梅止渴"}],"rightItems":[{"id":"person-wangmeizhike","text":"曹操"},{"id":"person-zhishangtanbing","text":"赵括"},{"id":"person-pofuchenzhou","text":"项羽"}]}'::jsonb,'[{"leftId":"pofuchenzhou","rightId":"person-pofuchenzhou"},{"leftId":"zhishangtanbing","rightId":"person-zhishangtanbing"},{"leftId":"wangmeizhike","rightId":"person-wangmeizhike"}]'::jsonb,'{"summary":"这些成语都来自真实历史典故。","whyCorrect":"破釜沉舟—项羽；纸上谈兵—赵括；望梅止渴—曹操","commonMistake":"只记成语含义，没有建立人物与事件联系。","memoryTip":"按人物—事件—成语三点成线记忆。"}',3,true,1),('rel-3','zhishangtanbing','idiom-4','relation_match','把成语与对应的典故人物连接起来','{"questionId":"rel-3","knowledgeId":"zhishangtanbing","type":"relation_match","stem":"把成语与对应的典故人物连接起来","leftItems":[{"id":"zhishangtanbing","text":"纸上谈兵"},{"id":"wangmeizhike","text":"望梅止渴"},{"id":"tuibisanshe","text":"退避三舍"}],"rightItems":[{"id":"person-tuibisanshe","text":"重耳"},{"id":"person-wangmeizhike","text":"曹操"},{"id":"person-zhishangtanbing","text":"赵括"}]}'::jsonb,'[{"leftId":"zhishangtanbing","rightId":"person-zhishangtanbing"},{"leftId":"wangmeizhike","rightId":"person-wangmeizhike"},{"leftId":"tuibisanshe","rightId":"person-tuibisanshe"}]'::jsonb,'{"summary":"这些成语都来自真实历史典故。","whyCorrect":"纸上谈兵—赵括；望梅止渴—曹操；退避三舍—重耳","commonMistake":"只记成语含义，没有建立人物与事件联系。","memoryTip":"按人物—事件—成语三点成线记忆。"}',3,true,1),('rel-4','wangmeizhike','idiom-4','relation_match','把成语与对应的典故人物连接起来','{"questionId":"rel-4","knowledgeId":"wangmeizhike","type":"relation_match","stem":"把成语与对应的典故人物连接起来","leftItems":[{"id":"wangmeizhike","text":"望梅止渴"},{"id":"tuibisanshe","text":"退避三舍"},{"id":"zhiluweima","text":"指鹿为马"}],"rightItems":[{"id":"person-zhiluweima","text":"赵高"},{"id":"person-tuibisanshe","text":"重耳"},{"id":"person-wangmeizhike","text":"曹操"}]}'::jsonb,'[{"leftId":"wangmeizhike","rightId":"person-wangmeizhike"},{"leftId":"tuibisanshe","rightId":"person-tuibisanshe"},{"leftId":"zhiluweima","rightId":"person-zhiluweima"}]'::jsonb,'{"summary":"这些成语都来自真实历史典故。","whyCorrect":"望梅止渴—曹操；退避三舍—重耳；指鹿为马—赵高","commonMistake":"只记成语含义，没有建立人物与事件联系。","memoryTip":"按人物—事件—成语三点成线记忆。"}',3,true,1),('rel-5','tuibisanshe','idiom-4','relation_match','把成语与对应的典故人物连接起来','{"questionId":"rel-5","knowledgeId":"tuibisanshe","type":"relation_match","stem":"把成语与对应的典故人物连接起来","leftItems":[{"id":"tuibisanshe","text":"退避三舍"},{"id":"zhiluweima","text":"指鹿为马"},{"id":"weiweijiuzhao","text":"围魏救赵"}],"rightItems":[{"id":"person-weiweijiuzhao","text":"孙膑"},{"id":"person-zhiluweima","text":"赵高"},{"id":"person-tuibisanshe","text":"重耳"}]}'::jsonb,'[{"leftId":"tuibisanshe","rightId":"person-tuibisanshe"},{"leftId":"zhiluweima","rightId":"person-zhiluweima"},{"leftId":"weiweijiuzhao","rightId":"person-weiweijiuzhao"}]'::jsonb,'{"summary":"这些成语都来自真实历史典故。","whyCorrect":"退避三舍—重耳；指鹿为马—赵高；围魏救赵—孙膑","commonMistake":"只记成语含义，没有建立人物与事件联系。","memoryTip":"按人物—事件—成语三点成线记忆。"}',3,true,1),('rel-6','zhiluweima','idiom-4','relation_match','把成语与对应的典故人物连接起来','{"questionId":"rel-6","knowledgeId":"zhiluweima","type":"relation_match","stem":"把成语与对应的典故人物连接起来","leftItems":[{"id":"zhiluweima","text":"指鹿为马"},{"id":"weiweijiuzhao","text":"围魏救赵"},{"id":"maosuizijian","text":"毛遂自荐"}],"rightItems":[{"id":"person-maosuizijian","text":"毛遂"},{"id":"person-weiweijiuzhao","text":"孙膑"},{"id":"person-zhiluweima","text":"赵高"}]}'::jsonb,'[{"leftId":"zhiluweima","rightId":"person-zhiluweima"},{"leftId":"weiweijiuzhao","rightId":"person-weiweijiuzhao"},{"leftId":"maosuizijian","rightId":"person-maosuizijian"}]'::jsonb,'{"summary":"这些成语都来自真实历史典故。","whyCorrect":"指鹿为马—赵高；围魏救赵—孙膑；毛遂自荐—毛遂","commonMistake":"只记成语含义，没有建立人物与事件联系。","memoryTip":"按人物—事件—成语三点成线记忆。"}',3,true,1),('rel-7','weiweijiuzhao','idiom-4','relation_match','把成语与对应的典故人物连接起来','{"questionId":"rel-7","knowledgeId":"weiweijiuzhao","type":"relation_match","stem":"把成语与对应的典故人物连接起来","leftItems":[{"id":"weiweijiuzhao","text":"围魏救赵"},{"id":"maosuizijian","text":"毛遂自荐"},{"id":"yinuoqianjin","text":"一诺千金"}],"rightItems":[{"id":"person-yinuoqianjin","text":"季布"},{"id":"person-maosuizijian","text":"毛遂"},{"id":"person-weiweijiuzhao","text":"孙膑"}]}'::jsonb,'[{"leftId":"weiweijiuzhao","rightId":"person-weiweijiuzhao"},{"leftId":"maosuizijian","rightId":"person-maosuizijian"},{"leftId":"yinuoqianjin","rightId":"person-yinuoqianjin"}]'::jsonb,'{"summary":"这些成语都来自真实历史典故。","whyCorrect":"围魏救赵—孙膑；毛遂自荐—毛遂；一诺千金—季布","commonMistake":"只记成语含义，没有建立人物与事件联系。","memoryTip":"按人物—事件—成语三点成线记忆。"}',3,true,1),('rel-8','maosuizijian','idiom-4','relation_match','把成语与对应的典故人物连接起来','{"questionId":"rel-8","knowledgeId":"maosuizijian","type":"relation_match","stem":"把成语与对应的典故人物连接起来","leftItems":[{"id":"maosuizijian","text":"毛遂自荐"},{"id":"yinuoqianjin","text":"一诺千金"},{"id":"pofuchenzhou","text":"破釜沉舟"}],"rightItems":[{"id":"person-pofuchenzhou","text":"项羽"},{"id":"person-yinuoqianjin","text":"季布"},{"id":"person-maosuizijian","text":"毛遂"}]}'::jsonb,'[{"leftId":"maosuizijian","rightId":"person-maosuizijian"},{"leftId":"yinuoqianjin","rightId":"person-yinuoqianjin"},{"leftId":"pofuchenzhou","rightId":"person-pofuchenzhou"}]'::jsonb,'{"summary":"这些成语都来自真实历史典故。","whyCorrect":"毛遂自荐—毛遂；一诺千金—季布；破釜沉舟—项羽","commonMistake":"只记成语含义，没有建立人物与事件联系。","memoryTip":"按人物—事件—成语三点成线记忆。"}',3,true,1),('rel-9','yinuoqianjin','idiom-4','relation_match','把成语与对应的典故人物连接起来','{"questionId":"rel-9","knowledgeId":"yinuoqianjin","type":"relation_match","stem":"把成语与对应的典故人物连接起来","leftItems":[{"id":"yinuoqianjin","text":"一诺千金"},{"id":"pofuchenzhou","text":"破釜沉舟"},{"id":"zhishangtanbing","text":"纸上谈兵"}],"rightItems":[{"id":"person-zhishangtanbing","text":"赵括"},{"id":"person-pofuchenzhou","text":"项羽"},{"id":"person-yinuoqianjin","text":"季布"}]}'::jsonb,'[{"leftId":"yinuoqianjin","rightId":"person-yinuoqianjin"},{"leftId":"pofuchenzhou","rightId":"person-pofuchenzhou"},{"leftId":"zhishangtanbing","rightId":"person-zhishangtanbing"}]'::jsonb,'{"summary":"这些成语都来自真实历史典故。","whyCorrect":"一诺千金—季布；破釜沉舟—项羽；纸上谈兵—赵括","commonMistake":"只记成语含义，没有建立人物与事件联系。","memoryTip":"按人物—事件—成语三点成线记忆。"}',3,true,1),('rel-10','pofuchenzhou','idiom-4','relation_match','把成语与对应的典故人物连接起来','{"questionId":"rel-10","knowledgeId":"pofuchenzhou","type":"relation_match","stem":"把成语与对应的典故人物连接起来","leftItems":[{"id":"pofuchenzhou","text":"破釜沉舟"},{"id":"zhishangtanbing","text":"纸上谈兵"},{"id":"wangmeizhike","text":"望梅止渴"}],"rightItems":[{"id":"person-wangmeizhike","text":"曹操"},{"id":"person-zhishangtanbing","text":"赵括"},{"id":"person-pofuchenzhou","text":"项羽"}]}'::jsonb,'[{"leftId":"pofuchenzhou","rightId":"person-pofuchenzhou"},{"leftId":"zhishangtanbing","rightId":"person-zhishangtanbing"},{"leftId":"wangmeizhike","rightId":"person-wangmeizhike"}]'::jsonb,'{"summary":"这些成语都来自真实历史典故。","whyCorrect":"破釜沉舟—项羽；纸上谈兵—赵括；望梅止渴—曹操","commonMistake":"只记成语含义，没有建立人物与事件联系。","memoryTip":"按人物—事件—成语三点成线记忆。"}',3,true,1),('apply-chizhiyiheng','chizhiyiheng','idiom-5','scene_judgment','判断“持之以恒”使用是否恰当','{"questionId":"apply-chizhiyiheng","knowledgeId":"chizhiyiheng","type":"scene_judgment","stem":"判断“持之以恒”使用是否恰当","scene":"这句话使用“持之以恒”准确概括了材料的核心特征。","options":[{"id":"A","text":"恰当"},{"id":"B","text":"不恰当"}]}'::jsonb,'"A"'::jsonb,'{"summary":"长久坚持下去","whyCorrect":"“持之以恒”的核心语义是：长久坚持下去。","whyUserAnswerWrong":"该选项忽略了成语的语义对象、感情色彩或使用条件。","commonMistake":"只凭字面理解，忽略语义对象和感情色彩","usageScene":"用于准确表达“长久坚持下去”的语境","relatedKnowledge":[{"id":"坚持不懈","name":"坚持不懈","relation":"近义辨析"}],"memoryTip":"把“持之以恒”记成：长久坚持下去。"}',3,true,1),('apply-houjibofa','houjibofa','idiom-5','scene_judgment','判断“厚积薄发”使用是否恰当','{"questionId":"apply-houjibofa","knowledgeId":"houjibofa","type":"scene_judgment","stem":"判断“厚积薄发”使用是否恰当","scene":"他第一个获得冠军，真是“厚积薄发”。","options":[{"id":"A","text":"恰当"},{"id":"B","text":"不恰当"}]}'::jsonb,'"B"'::jsonb,'{"summary":"长期充分积累后再稳健地发挥出来","whyCorrect":"“厚积薄发”的核心语义是：长期充分积累后再稳健地发挥出来。","whyUserAnswerWrong":"该选项忽略了成语的语义对象、感情色彩或使用条件。","commonMistake":"只凭字面理解，忽略语义对象和感情色彩","usageScene":"用于准确表达“长期充分积累后再稳健地发挥出来”的语境","relatedKnowledge":[],"memoryTip":"把“厚积薄发”记成：长期充分积累后再稳健地发挥出来。"}',3,true,1),('apply-shebenzhuimo','shebenzhuimo','idiom-5','scene_judgment','判断“舍本逐末”使用是否恰当','{"questionId":"apply-shebenzhuimo","knowledgeId":"shebenzhuimo","type":"scene_judgment","stem":"判断“舍本逐末”使用是否恰当","scene":"这句话使用“舍本逐末”准确概括了材料的核心特征。","options":[{"id":"A","text":"恰当"},{"id":"B","text":"不恰当"}]}'::jsonb,'"A"'::jsonb,'{"summary":"不抓根本环节，只在枝节上下功夫","whyCorrect":"“舍本逐末”的核心语义是：不抓根本环节，只在枝节上下功夫。","whyUserAnswerWrong":"该选项忽略了成语的语义对象、感情色彩或使用条件。","commonMistake":"只凭字面理解，忽略语义对象和感情色彩","usageScene":"用于准确表达“不抓根本环节，只在枝节上下功夫”的语境","relatedKnowledge":[{"id":"本末倒置","name":"本末倒置","relation":"近义辨析"}],"memoryTip":"把“舍本逐末”记成：不抓根本环节，只在枝节上下功夫。"}',3,true,1),('apply-benmodaozhi','benmodaozhi','idiom-5','scene_judgment','判断“本末倒置”使用是否恰当','{"questionId":"apply-benmodaozhi","knowledgeId":"benmodaozhi","type":"scene_judgment","stem":"判断“本末倒置”使用是否恰当","scene":"这句话使用“本末倒置”准确概括了材料的核心特征。","options":[{"id":"A","text":"恰当"},{"id":"B","text":"不恰当"}]}'::jsonb,'"A"'::jsonb,'{"summary":"把主要和次要、根本和枝节的位置弄颠倒","whyCorrect":"“本末倒置”的核心语义是：把主要和次要、根本和枝节的位置弄颠倒。","whyUserAnswerWrong":"该选项忽略了成语的语义对象、感情色彩或使用条件。","commonMistake":"只凭字面理解，忽略语义对象和感情色彩","usageScene":"用于准确表达“把主要和次要、根本和枝节的位置弄颠倒”的语境","relatedKnowledge":[],"memoryTip":"把“本末倒置”记成：把主要和次要、根本和枝节的位置弄颠倒。"}',3,true,1),('apply-daxiangjingting','daxiangjingting','idiom-5','scene_judgment','判断“大相径庭”使用是否恰当','{"questionId":"apply-daxiangjingting","knowledgeId":"daxiangjingting","type":"scene_judgment","stem":"判断“大相径庭”使用是否恰当","scene":"他第一个获得冠军，真是“大相径庭”。","options":[{"id":"A","text":"恰当"},{"id":"B","text":"不恰当"}]}'::jsonb,'"B"'::jsonb,'{"summary":"彼此相差很大，完全不同","whyCorrect":"“大相径庭”的核心语义是：彼此相差很大，完全不同。","whyUserAnswerWrong":"该选项忽略了成语的语义对象、感情色彩或使用条件。","commonMistake":"只凭字面理解，忽略语义对象和感情色彩","usageScene":"用于准确表达“彼此相差很大，完全不同”的语境","relatedKnowledge":[],"memoryTip":"把“大相径庭”记成：彼此相差很大，完全不同。"}',3,true,1),('apply-yicuerjiu','yicuerjiu','idiom-5','scene_judgment','判断“一蹴而就”使用是否恰当','{"questionId":"apply-yicuerjiu","knowledgeId":"yicuerjiu","type":"scene_judgment","stem":"判断“一蹴而就”使用是否恰当","scene":"他第一个获得冠军，真是“一蹴而就”。","options":[{"id":"A","text":"恰当"},{"id":"B","text":"不恰当"}]}'::jsonb,'"B"'::jsonb,'{"summary":"事情轻而易举，一下子就能完成","whyCorrect":"“一蹴而就”的核心语义是：事情轻而易举，一下子就能完成。","whyUserAnswerWrong":"该选项忽略了成语的语义对象、感情色彩或使用条件。","commonMistake":"常用于否定句，强调复杂事情不能一下完成","usageScene":"用于准确表达“事情轻而易举，一下子就能完成”的语境","relatedKnowledge":[],"memoryTip":"把“一蹴而就”记成：事情轻而易举，一下子就能完成。"}',3,true,1),('apply-yizhenjianxue','yizhenjianxue','idiom-5','scene_judgment','判断“一针见血”使用是否恰当','{"questionId":"apply-yizhenjianxue","knowledgeId":"yizhenjianxue","type":"scene_judgment","stem":"判断“一针见血”使用是否恰当","scene":"这句话使用“一针见血”准确概括了材料的核心特征。","options":[{"id":"A","text":"恰当"},{"id":"B","text":"不恰当"}]}'::jsonb,'"A"'::jsonb,'{"summary":"说话或文章直截了当，切中要害","whyCorrect":"“一针见血”的核心语义是：说话或文章直截了当，切中要害。","whyUserAnswerWrong":"该选项忽略了成语的语义对象、感情色彩或使用条件。","commonMistake":"只凭字面理解，忽略语义对象和感情色彩","usageScene":"用于准确表达“说话或文章直截了当，切中要害”的语境","relatedKnowledge":[],"memoryTip":"把“一针见血”记成：说话或文章直截了当，切中要害。"}',3,true,1),('apply-yinuoqianjin','yinuoqianjin','idiom-5','scene_judgment','判断“一诺千金”使用是否恰当','{"questionId":"apply-yinuoqianjin","knowledgeId":"yinuoqianjin","type":"scene_judgment","stem":"判断“一诺千金”使用是否恰当","scene":"这句话使用“一诺千金”准确概括了材料的核心特征。","options":[{"id":"A","text":"恰当"},{"id":"B","text":"不恰当"}]}'::jsonb,'"A"'::jsonb,'{"summary":"说话算数，信用极高","whyCorrect":"“一诺千金”的核心语义是：说话算数，信用极高。","whyUserAnswerWrong":"该选项忽略了成语的语义对象、感情色彩或使用条件。","commonMistake":"只凭字面理解，忽略语义对象和感情色彩","usageScene":"用于准确表达“说话算数，信用极高”的语境","relatedKnowledge":[],"memoryTip":"季布的一句承诺，比千金更贵"}',3,true,1),('apply-pofuchenzhou','pofuchenzhou','idiom-5','scene_judgment','判断“破釜沉舟”使用是否恰当','{"questionId":"apply-pofuchenzhou","knowledgeId":"pofuchenzhou","type":"scene_judgment","stem":"判断“破釜沉舟”使用是否恰当","scene":"他第一个获得冠军，真是“破釜沉舟”。","options":[{"id":"A","text":"恰当"},{"id":"B","text":"不恰当"}]}'::jsonb,'"B"'::jsonb,'{"summary":"下定决心，不顾一切干到底","whyCorrect":"“破釜沉舟”的核心语义是：下定决心，不顾一切干到底。","whyUserAnswerWrong":"该选项忽略了成语的语义对象、感情色彩或使用条件。","commonMistake":"只凭字面理解，忽略语义对象和感情色彩","usageScene":"用于准确表达“下定决心，不顾一切干到底”的语境","relatedKnowledge":[],"memoryTip":"把“破釜沉舟”记成：下定决心，不顾一切干到底。"}',3,true,1),('apply-zhishangtanbing','zhishangtanbing','idiom-5','scene_judgment','判断“纸上谈兵”使用是否恰当','{"questionId":"apply-zhishangtanbing","knowledgeId":"zhishangtanbing","type":"scene_judgment","stem":"判断“纸上谈兵”使用是否恰当","scene":"他第一个获得冠军，真是“纸上谈兵”。","options":[{"id":"A","text":"恰当"},{"id":"B","text":"不恰当"}]}'::jsonb,'"B"'::jsonb,'{"summary":"空谈理论，不能解决实际问题","whyCorrect":"“纸上谈兵”的核心语义是：空谈理论，不能解决实际问题。","whyUserAnswerWrong":"该选项忽略了成语的语义对象、感情色彩或使用条件。","commonMistake":"只凭字面理解，忽略语义对象和感情色彩","usageScene":"用于准确表达“空谈理论，不能解决实际问题”的语境","relatedKnowledge":[],"memoryTip":"把“纸上谈兵”记成：空谈理论，不能解决实际问题。"}',3,true,1),('boss-def-wangmeizhike','wangmeizhike','idiom-boss','single_choice','“望梅止渴”最准确的含义是？','{"questionId":"boss-def-wangmeizhike","knowledgeId":"wangmeizhike","type":"single_choice","stem":"“望梅止渴”最准确的含义是？","options":[{"id":"A","text":"用空想或假象安慰自己"},{"id":"B","text":"说话或文章直截了当，切中要害"},{"id":"C","text":"事物正在蓬勃发展，一时不会终止"},{"id":"D","text":"思想或性格在不知不觉中受到感染而变化"}]}'::jsonb,'"A"'::jsonb,'{"summary":"用空想或假象安慰自己","whyCorrect":"“望梅止渴”的核心语义是：用空想或假象安慰自己。","whyUserAnswerWrong":"该选项忽略了成语的语义对象、感情色彩或使用条件。","commonMistake":"只凭字面理解，忽略语义对象和感情色彩","usageScene":"用于准确表达“用空想或假象安慰自己”的语境","relatedKnowledge":[],"memoryTip":"把“望梅止渴”记成：用空想或假象安慰自己。"}',2,true,1),('boss-def-tuibisanshe','tuibisanshe','idiom-boss','single_choice','“退避三舍”最准确的含义是？','{"questionId":"boss-def-tuibisanshe","knowledgeId":"tuibisanshe","type":"single_choice","stem":"“退避三舍”最准确的含义是？","options":[{"id":"A","text":"主动退让，不与人相争"},{"id":"B","text":"说话算数，信用极高"},{"id":"C","text":"事物发展旺盛、气氛热烈"},{"id":"D","text":"长久坚持下去"}]}'::jsonb,'"A"'::jsonb,'{"summary":"主动退让，不与人相争","whyCorrect":"“退避三舍”的核心语义是：主动退让，不与人相争。","whyUserAnswerWrong":"该选项忽略了成语的语义对象、感情色彩或使用条件。","commonMistake":"只凭字面理解，忽略语义对象和感情色彩","usageScene":"用于准确表达“主动退让，不与人相争”的语境","relatedKnowledge":[],"memoryTip":"把“退避三舍”记成：主动退让，不与人相争。"}',2,true,1),('boss-def-zhiluweima','zhiluweima','idiom-boss','single_choice','“指鹿为马”最准确的含义是？','{"questionId":"boss-def-zhiluweima","knowledgeId":"zhiluweima","type":"single_choice","stem":"“指鹿为马”最准确的含义是？","options":[{"id":"A","text":"下定决心，不顾一切干到底"},{"id":"B","text":"故意颠倒黑白，混淆是非"},{"id":"C","text":"发展进步很快，不断出现新事物"},{"id":"D","text":"长期充分积累后再稳健地发挥出来"}]}'::jsonb,'"B"'::jsonb,'{"summary":"故意颠倒黑白，混淆是非","whyCorrect":"“指鹿为马”的核心语义是：故意颠倒黑白，混淆是非。","whyUserAnswerWrong":"该选项忽略了成语的语义对象、感情色彩或使用条件。","commonMistake":"只凭字面理解，忽略语义对象和感情色彩","usageScene":"用于准确表达“故意颠倒黑白，混淆是非”的语境","relatedKnowledge":[],"memoryTip":"把“指鹿为马”记成：故意颠倒黑白，混淆是非。"}',2,true,1),('boss-def-weiweijiuzhao','weiweijiuzhao','idiom-boss','single_choice','“围魏救赵”最准确的含义是？','{"questionId":"boss-def-weiweijiuzhao","knowledgeId":"weiweijiuzhao","type":"single_choice","stem":"“围魏救赵”最准确的含义是？","options":[{"id":"A","text":"空谈理论，不能解决实际问题"},{"id":"B","text":"除去旧的，建立新的"},{"id":"C","text":"攻击敌人后方以迫使其撤回的策略"},{"id":"D","text":"不抓根本环节，只在枝节上下功夫"}]}'::jsonb,'"C"'::jsonb,'{"summary":"攻击敌人后方以迫使其撤回的策略","whyCorrect":"“围魏救赵”的核心语义是：攻击敌人后方以迫使其撤回的策略。","whyUserAnswerWrong":"该选项忽略了成语的语义对象、感情色彩或使用条件。","commonMistake":"只凭字面理解，忽略语义对象和感情色彩","usageScene":"用于准确表达“攻击敌人后方以迫使其撤回的策略”的语境","relatedKnowledge":[],"memoryTip":"把“围魏救赵”记成：攻击敌人后方以迫使其撤回的策略。"}',2,true,1),('boss-def-maosuizijian','maosuizijian','idiom-boss','single_choice','“毛遂自荐”最准确的含义是？','{"questionId":"boss-def-maosuizijian","knowledgeId":"maosuizijian","type":"single_choice","stem":"“毛遂自荐”最准确的含义是？","options":[{"id":"A","text":"用空想或假象安慰自己"},{"id":"B","text":"自告奋勇，主动推荐自己"},{"id":"C","text":"去掉旧事物的糟粕，创造出新的事物"},{"id":"D","text":"把主要和次要、根本和枝节的位置弄颠倒"}]}'::jsonb,'"B"'::jsonb,'{"summary":"自告奋勇，主动推荐自己","whyCorrect":"“毛遂自荐”的核心语义是：自告奋勇，主动推荐自己。","whyUserAnswerWrong":"该选项忽略了成语的语义对象、感情色彩或使用条件。","commonMistake":"只凭字面理解，忽略语义对象和感情色彩","usageScene":"用于准确表达“自告奋勇，主动推荐自己”的语境","relatedKnowledge":[],"memoryTip":"把“毛遂自荐”记成：自告奋勇，主动推荐自己。"}',2,true,1),('boss-scene-wangmeizhike','wangmeizhike','idiom-boss','scene_judgment','判断“望梅止渴”使用是否恰当','{"questionId":"boss-scene-wangmeizhike","knowledgeId":"wangmeizhike","type":"scene_judgment","stem":"判断“望梅止渴”使用是否恰当","scene":"这句话使用“望梅止渴”准确概括了材料的核心特征。","options":[{"id":"A","text":"恰当"},{"id":"B","text":"不恰当"}]}'::jsonb,'"A"'::jsonb,'{"summary":"用空想或假象安慰自己","whyCorrect":"“望梅止渴”的核心语义是：用空想或假象安慰自己。","whyUserAnswerWrong":"该选项忽略了成语的语义对象、感情色彩或使用条件。","commonMistake":"只凭字面理解，忽略语义对象和感情色彩","usageScene":"用于准确表达“用空想或假象安慰自己”的语境","relatedKnowledge":[],"memoryTip":"把“望梅止渴”记成：用空想或假象安慰自己。"}',3,true,1) on conflict (id) do update set knowledge_id=excluded.knowledge_id,level_id=excluded.level_id,question_type=excluded.question_type,stem=excluded.stem,options=excluded.options,correct_answer=excluded.correct_answer,explanation=excluded.explanation,difficulty=excluded.difficulty,published=excluded.published,version=excluded.version;

insert into public.questions (id,knowledge_id,level_id,question_type,stem,options,correct_answer,explanation,difficulty,published,version) values ('boss-scene-tuibisanshe','tuibisanshe','idiom-boss','scene_judgment','判断“退避三舍”使用是否恰当','{"questionId":"boss-scene-tuibisanshe","knowledgeId":"tuibisanshe","type":"scene_judgment","stem":"判断“退避三舍”使用是否恰当","scene":"他第一个获得冠军，真是“退避三舍”。","options":[{"id":"A","text":"恰当"},{"id":"B","text":"不恰当"}]}'::jsonb,'"B"'::jsonb,'{"summary":"主动退让，不与人相争","whyCorrect":"“退避三舍”的核心语义是：主动退让，不与人相争。","whyUserAnswerWrong":"该选项忽略了成语的语义对象、感情色彩或使用条件。","commonMistake":"只凭字面理解，忽略语义对象和感情色彩","usageScene":"用于准确表达“主动退让，不与人相争”的语境","relatedKnowledge":[],"memoryTip":"把“退避三舍”记成：主动退让，不与人相争。"}',3,true,1),('boss-scene-zhiluweima','zhiluweima','idiom-boss','scene_judgment','判断“指鹿为马”使用是否恰当','{"questionId":"boss-scene-zhiluweima","knowledgeId":"zhiluweima","type":"scene_judgment","stem":"判断“指鹿为马”使用是否恰当","scene":"这句话使用“指鹿为马”准确概括了材料的核心特征。","options":[{"id":"A","text":"恰当"},{"id":"B","text":"不恰当"}]}'::jsonb,'"A"'::jsonb,'{"summary":"故意颠倒黑白，混淆是非","whyCorrect":"“指鹿为马”的核心语义是：故意颠倒黑白，混淆是非。","whyUserAnswerWrong":"该选项忽略了成语的语义对象、感情色彩或使用条件。","commonMistake":"只凭字面理解，忽略语义对象和感情色彩","usageScene":"用于准确表达“故意颠倒黑白，混淆是非”的语境","relatedKnowledge":[],"memoryTip":"把“指鹿为马”记成：故意颠倒黑白，混淆是非。"}',3,true,1),('boss-scene-weiweijiuzhao','weiweijiuzhao','idiom-boss','scene_judgment','判断“围魏救赵”使用是否恰当','{"questionId":"boss-scene-weiweijiuzhao","knowledgeId":"weiweijiuzhao","type":"scene_judgment","stem":"判断“围魏救赵”使用是否恰当","scene":"这句话使用“围魏救赵”准确概括了材料的核心特征。","options":[{"id":"A","text":"恰当"},{"id":"B","text":"不恰当"}]}'::jsonb,'"A"'::jsonb,'{"summary":"攻击敌人后方以迫使其撤回的策略","whyCorrect":"“围魏救赵”的核心语义是：攻击敌人后方以迫使其撤回的策略。","whyUserAnswerWrong":"该选项忽略了成语的语义对象、感情色彩或使用条件。","commonMistake":"只凭字面理解，忽略语义对象和感情色彩","usageScene":"用于准确表达“攻击敌人后方以迫使其撤回的策略”的语境","relatedKnowledge":[],"memoryTip":"把“围魏救赵”记成：攻击敌人后方以迫使其撤回的策略。"}',3,true,1),('boss-scene-maosuizijian','maosuizijian','idiom-boss','scene_judgment','判断“毛遂自荐”使用是否恰当','{"questionId":"boss-scene-maosuizijian","knowledgeId":"maosuizijian","type":"scene_judgment","stem":"判断“毛遂自荐”使用是否恰当","scene":"这句话使用“毛遂自荐”准确概括了材料的核心特征。","options":[{"id":"A","text":"恰当"},{"id":"B","text":"不恰当"}]}'::jsonb,'"A"'::jsonb,'{"summary":"自告奋勇，主动推荐自己","whyCorrect":"“毛遂自荐”的核心语义是：自告奋勇，主动推荐自己。","whyUserAnswerWrong":"该选项忽略了成语的语义对象、感情色彩或使用条件。","commonMistake":"只凭字面理解，忽略语义对象和感情色彩","usageScene":"用于准确表达“自告奋勇，主动推荐自己”的语境","relatedKnowledge":[],"memoryTip":"把“毛遂自荐”记成：自告奋勇，主动推荐自己。"}',3,true,1),('boss-rel-4','wangmeizhike','idiom-boss','relation_match','把成语与对应的典故人物连接起来','{"questionId":"boss-rel-4","knowledgeId":"wangmeizhike","type":"relation_match","stem":"把成语与对应的典故人物连接起来","leftItems":[{"id":"wangmeizhike","text":"望梅止渴"},{"id":"tuibisanshe","text":"退避三舍"},{"id":"zhiluweima","text":"指鹿为马"}],"rightItems":[{"id":"person-zhiluweima","text":"赵高"},{"id":"person-tuibisanshe","text":"重耳"},{"id":"person-wangmeizhike","text":"曹操"}]}'::jsonb,'[{"leftId":"wangmeizhike","rightId":"person-wangmeizhike"},{"leftId":"tuibisanshe","rightId":"person-tuibisanshe"},{"leftId":"zhiluweima","rightId":"person-zhiluweima"}]'::jsonb,'{"summary":"这些成语都来自真实历史典故。","whyCorrect":"望梅止渴—曹操；退避三舍—重耳；指鹿为马—赵高","commonMistake":"只记成语含义，没有建立人物与事件联系。","memoryTip":"按人物—事件—成语三点成线记忆。"}',3,true,1),('boss-rel-5','tuibisanshe','idiom-boss','relation_match','把成语与对应的典故人物连接起来','{"questionId":"boss-rel-5","knowledgeId":"tuibisanshe","type":"relation_match","stem":"把成语与对应的典故人物连接起来","leftItems":[{"id":"tuibisanshe","text":"退避三舍"},{"id":"zhiluweima","text":"指鹿为马"},{"id":"weiweijiuzhao","text":"围魏救赵"}],"rightItems":[{"id":"person-weiweijiuzhao","text":"孙膑"},{"id":"person-zhiluweima","text":"赵高"},{"id":"person-tuibisanshe","text":"重耳"}]}'::jsonb,'[{"leftId":"tuibisanshe","rightId":"person-tuibisanshe"},{"leftId":"zhiluweima","rightId":"person-zhiluweima"},{"leftId":"weiweijiuzhao","rightId":"person-weiweijiuzhao"}]'::jsonb,'{"summary":"这些成语都来自真实历史典故。","whyCorrect":"退避三舍—重耳；指鹿为马—赵高；围魏救赵—孙膑","commonMistake":"只记成语含义，没有建立人物与事件联系。","memoryTip":"按人物—事件—成语三点成线记忆。"}',3,true,1),('boss-rel-6','zhiluweima','idiom-boss','relation_match','把成语与对应的典故人物连接起来','{"questionId":"boss-rel-6","knowledgeId":"zhiluweima","type":"relation_match","stem":"把成语与对应的典故人物连接起来","leftItems":[{"id":"zhiluweima","text":"指鹿为马"},{"id":"weiweijiuzhao","text":"围魏救赵"},{"id":"maosuizijian","text":"毛遂自荐"}],"rightItems":[{"id":"person-maosuizijian","text":"毛遂"},{"id":"person-weiweijiuzhao","text":"孙膑"},{"id":"person-zhiluweima","text":"赵高"}]}'::jsonb,'[{"leftId":"zhiluweima","rightId":"person-zhiluweima"},{"leftId":"weiweijiuzhao","rightId":"person-weiweijiuzhao"},{"leftId":"maosuizijian","rightId":"person-maosuizijian"}]'::jsonb,'{"summary":"这些成语都来自真实历史典故。","whyCorrect":"指鹿为马—赵高；围魏救赵—孙膑；毛遂自荐—毛遂","commonMistake":"只记成语含义，没有建立人物与事件联系。","memoryTip":"按人物—事件—成语三点成线记忆。"}',3,true,1),('boss-rel-7','weiweijiuzhao','idiom-boss','relation_match','把成语与对应的典故人物连接起来','{"questionId":"boss-rel-7","knowledgeId":"weiweijiuzhao","type":"relation_match","stem":"把成语与对应的典故人物连接起来","leftItems":[{"id":"weiweijiuzhao","text":"围魏救赵"},{"id":"maosuizijian","text":"毛遂自荐"},{"id":"yinuoqianjin","text":"一诺千金"}],"rightItems":[{"id":"person-yinuoqianjin","text":"季布"},{"id":"person-maosuizijian","text":"毛遂"},{"id":"person-weiweijiuzhao","text":"孙膑"}]}'::jsonb,'[{"leftId":"weiweijiuzhao","rightId":"person-weiweijiuzhao"},{"leftId":"maosuizijian","rightId":"person-maosuizijian"},{"leftId":"yinuoqianjin","rightId":"person-yinuoqianjin"}]'::jsonb,'{"summary":"这些成语都来自真实历史典故。","whyCorrect":"围魏救赵—孙膑；毛遂自荐—毛遂；一诺千金—季布","commonMistake":"只记成语含义，没有建立人物与事件联系。","memoryTip":"按人物—事件—成语三点成线记忆。"}',3,true,1),('boss-rel-8','maosuizijian','idiom-boss','relation_match','把成语与对应的典故人物连接起来','{"questionId":"boss-rel-8","knowledgeId":"maosuizijian","type":"relation_match","stem":"把成语与对应的典故人物连接起来","leftItems":[{"id":"maosuizijian","text":"毛遂自荐"},{"id":"yinuoqianjin","text":"一诺千金"},{"id":"pofuchenzhou","text":"破釜沉舟"}],"rightItems":[{"id":"person-pofuchenzhou","text":"项羽"},{"id":"person-yinuoqianjin","text":"季布"},{"id":"person-maosuizijian","text":"毛遂"}]}'::jsonb,'[{"leftId":"maosuizijian","rightId":"person-maosuizijian"},{"leftId":"yinuoqianjin","rightId":"person-yinuoqianjin"},{"leftId":"pofuchenzhou","rightId":"person-pofuchenzhou"}]'::jsonb,'{"summary":"这些成语都来自真实历史典故。","whyCorrect":"毛遂自荐—毛遂；一诺千金—季布；破釜沉舟—项羽","commonMistake":"只记成语含义，没有建立人物与事件联系。","memoryTip":"按人物—事件—成语三点成线记忆。"}',3,true,1),('common-law-constitution','law-constitution','common-1','single_choice','关于“宪法地位”，下列说法正确的是？','{"questionId":"common-law-constitution","knowledgeId":"law-constitution","type":"single_choice","stem":"关于“宪法地位”，下列说法正确的是？","options":[{"id":"A","text":"宪法是国家的根本法，具有最高的法律效力。"},{"id":"B","text":"当事人采用合同书形式订立合同的，自当事人均签名、盖章或者按指印时合同成立。"},{"id":"C","text":"为了使国家、公共利益、本人或者他人的人身、财产和其他权利免受正在发生的危险，不得已采取的紧急避险行为，造成损害的，不负刑事责任。"},{"id":"D","text":"中华人民共和国国旗是五星红旗。"}]}'::jsonb,'"A"'::jsonb,'{"summary":"宪法是国家的根本法，具有最高的法律效力。","whyCorrect":"“宪法地位”的正确表述是：宪法是国家的根本法，具有最高的法律效力。 依据：《中华人民共和国宪法》。","whyUserAnswerWrong":"干扰项混淆了相近概念、条件或对应关系，应回到准确表述判断。","commonMistake":"注意区分“宪法地位”的适用条件与相近常识。","memoryTip":"根本法、最高效力。"}',1,true,1),('common-law-equality','law-equality','common-1','single_choice','关于“法律面前平等”，下列说法正确的是？','{"questionId":"common-law-equality","knowledgeId":"law-equality","type":"single_choice","stem":"关于“法律面前平等”，下列说法正确的是？","options":[{"id":"A","text":"公民、法人或者其他组织认为行政行为侵犯其合法权益，可以依法申请行政复议。"},{"id":"B","text":"中华人民共和国公民在法律面前一律平等。"},{"id":"C","text":"中华人民共和国国徽中间是五星照耀下的天安门，周围是谷穗和齿轮。"},{"id":"D","text":"消费者享有知悉其购买、使用的商品或者接受的服务真实情况的权利。"}]}'::jsonb,'"B"'::jsonb,'{"summary":"中华人民共和国公民在法律面前一律平等。","whyCorrect":"“法律面前平等”的正确表述是：中华人民共和国公民在法律面前一律平等。 依据：《中华人民共和国宪法》。","whyUserAnswerWrong":"干扰项混淆了相近概念、条件或对应关系，应回到准确表述判断。","commonMistake":"注意区分“法律面前平等”的适用条件与相近常识。","memoryTip":"平等不是特权，而是同等适用法律。"}',2,true,1),('common-law-dignity','law-dignity','common-1','single_choice','关于“人格尊严”，下列说法正确的是？','{"questionId":"common-law-dignity","knowledgeId":"law-dignity","type":"single_choice","stem":"关于“人格尊严”，下列说法正确的是？","options":[{"id":"A","text":"公民的人格尊严不受侵犯，禁止用任何方法侮辱、诽谤和诬告陷害公民。"},{"id":"B","text":"中华人民共和国实行依法治国，建设社会主义法治国家。"},{"id":"C","text":"国家实行劳动者每日工作时间不超过八小时、平均每周工作时间不超过四十四小时的工时制度。"},{"id":"D","text":"公民、法人或者其他组织认为行政机关和行政机关工作人员的行政行为侵犯其合法权益，有权依法向人民法院提起诉讼。"}]}'::jsonb,'"A"'::jsonb,'{"summary":"公民的人格尊严不受侵犯，禁止用任何方法侮辱、诽谤和诬告陷害公民。","whyCorrect":"“人格尊严”的正确表述是：公民的人格尊严不受侵犯，禁止用任何方法侮辱、诽谤和诬告陷害公民。 依据：《中华人民共和国宪法》。","whyUserAnswerWrong":"干扰项混淆了相近概念、条件或对应关系，应回到准确表述判断。","commonMistake":"注意区分“人格尊严”的适用条件与相近常识。","memoryTip":"人格尊严受宪法保护。"}',3,true,1),('common-law-vote','law-vote','common-1','single_choice','关于“选举权”，下列说法正确的是？','{"questionId":"common-law-vote","knowledgeId":"law-vote","type":"single_choice","stem":"关于“选举权”，下列说法正确的是？","options":[{"id":"A","text":"宪法是国家的根本法，具有最高的法律效力。"},{"id":"B","text":"用人单位应当保证劳动者每周至少休息一日。"},{"id":"C","text":"国家机关和国家机关工作人员违法行使职权侵犯公民、法人和其他组织合法权益造成损害的，受害人有依照法律取得国家赔偿的权利。"},{"id":"D","text":"年满十八周岁的中国公民，除依法被剥夺政治权利者外，都有选举权和被选举权。"}]}'::jsonb,'"D"'::jsonb,'{"summary":"年满十八周岁的中国公民，除依法被剥夺政治权利者外，都有选举权和被选举权。","whyCorrect":"“选举权”的正确表述是：年满十八周岁的中国公民，除依法被剥夺政治权利者外，都有选举权和被选举权。 依据：《中华人民共和国宪法》。","whyUserAnswerWrong":"干扰项混淆了相近概念、条件或对应关系，应回到准确表述判断。","commonMistake":"注意区分“选举权”的适用条件与相近常识。","memoryTip":"18周岁是关键年龄。"}',4,true,1),('common-law-civil-adult','law-civil-adult','common-1','single_choice','关于“完全民事行为能力”，下列说法正确的是？','{"questionId":"common-law-civil-adult","knowledgeId":"law-civil-adult","type":"single_choice","stem":"关于“完全民事行为能力”，下列说法正确的是？","options":[{"id":"A","text":"国家保护和改善生活环境和生态环境，防治污染和其他公害。"},{"id":"B","text":"中华人民共和国公民在法律面前一律平等。"},{"id":"C","text":"十八周岁以上的自然人是成年人，具有完全民事行为能力。"},{"id":"D","text":"已满十六周岁的人犯罪，应当负刑事责任。"}]}'::jsonb,'"C"'::jsonb,'{"summary":"十八周岁以上的自然人是成年人，具有完全民事行为能力。","whyCorrect":"“完全民事行为能力”的正确表述是：十八周岁以上的自然人是成年人，具有完全民事行为能力。 依据：《中华人民共和国民法典》。","whyUserAnswerWrong":"干扰项混淆了相近概念、条件或对应关系，应回到准确表述判断。","commonMistake":"注意区分“完全民事行为能力”的适用条件与相近常识。","memoryTip":"成年人通常可独立实施民事法律行为。"}',5,true,1),('common-law-civil-young','law-civil-young','common-1','single_choice','关于“无民事行为能力人”，下列说法正确的是？','{"questionId":"common-law-civil-young","knowledgeId":"law-civil-young","type":"single_choice","stem":"关于“无民事行为能力人”，下列说法正确的是？","options":[{"id":"A","text":"不满八周岁的未成年人为无民事行为能力人。"},{"id":"B","text":"中华人民共和国公民有受教育的权利和义务。"},{"id":"C","text":"公民的人格尊严不受侵犯，禁止用任何方法侮辱、诽谤和诬告陷害公民。"},{"id":"D","text":"已满十四周岁不满十六周岁的人，对故意杀人等法定严重犯罪负刑事责任。"}]}'::jsonb,'"A"'::jsonb,'{"summary":"不满八周岁的未成年人为无民事行为能力人。","whyCorrect":"“无民事行为能力人”的正确表述是：不满八周岁的未成年人为无民事行为能力人。 依据：《中华人民共和国民法典》。","whyUserAnswerWrong":"干扰项混淆了相近概念、条件或对应关系，应回到准确表述判断。","commonMistake":"注意区分“无民事行为能力人”的适用条件与相近常识。","memoryTip":"未满8周岁。"}',1,true,1),('common-law-civil-minor','law-civil-minor','common-1','single_choice','关于“限制民事行为能力人”，下列说法正确的是？','{"questionId":"common-law-civil-minor","knowledgeId":"law-civil-minor","type":"single_choice","stem":"关于“限制民事行为能力人”，下列说法正确的是？","options":[{"id":"A","text":"八周岁以上的未成年人为限制民事行为能力人。"},{"id":"B","text":"年满十八周岁的中国公民，除依法被剥夺政治权利者外，都有选举权和被选举权。"},{"id":"C","text":"婚姻、家庭、母亲和儿童受国家保护，禁止破坏婚姻自由。"},{"id":"D","text":"为了使国家、公共利益、本人或者他人的人身、财产和其他权利免受正在进行的不法侵害，而采取制止不法侵害的行为，造成损害的，属于正当防卫。"}]}'::jsonb,'"A"'::jsonb,'{"summary":"八周岁以上的未成年人为限制民事行为能力人。","whyCorrect":"“限制民事行为能力人”的正确表述是：八周岁以上的未成年人为限制民事行为能力人。 依据：《中华人民共和国民法典》。","whyUserAnswerWrong":"干扰项混淆了相近概念、条件或对应关系，应回到准确表述判断。","commonMistake":"注意区分“限制民事行为能力人”的适用条件与相近常识。","memoryTip":"8周岁以上、18周岁以下通常受限。"}',2,true,1),('common-law-property','law-property','common-1','single_choice','关于“物权保护”，下列说法正确的是？','{"questionId":"common-law-property","knowledgeId":"law-property","type":"single_choice","stem":"关于“物权保护”，下列说法正确的是？","options":[{"id":"A","text":"十八周岁以上的自然人是成年人，具有完全民事行为能力。"},{"id":"B","text":"国家、集体、私人的物权和其他权利人的物权受法律平等保护，任何组织或者个人不得侵犯。"},{"id":"C","text":"中华人民共和国国旗是五星红旗。"},{"id":"D","text":"为了使国家、公共利益、本人或者他人的人身、财产和其他权利免受正在发生的危险，不得已采取的紧急避险行为，造成损害的，不负刑事责任。"}]}'::jsonb,'"B"'::jsonb,'{"summary":"国家、集体、私人的物权和其他权利人的物权受法律平等保护，任何组织或者个人不得侵犯。","whyCorrect":"“物权保护”的正确表述是：国家、集体、私人的物权和其他权利人的物权受法律平等保护，任何组织或者个人不得侵犯。 依据：《中华人民共和国民法典》。","whyUserAnswerWrong":"干扰项混淆了相近概念、条件或对应关系，应回到准确表述判断。","commonMistake":"注意区分“物权保护”的适用条件与相近常识。","memoryTip":"物权依法平等保护。"}',3,true,1),('common-law-contract','law-contract','common-1','single_choice','关于“合同成立”，下列说法正确的是？','{"questionId":"common-law-contract","knowledgeId":"law-contract","type":"single_choice","stem":"关于“合同成立”，下列说法正确的是？","options":[{"id":"A","text":"中华人民共和国国徽中间是五星照耀下的天安门，周围是谷穗和齿轮。"},{"id":"B","text":"公民、法人或者其他组织认为行政行为侵犯其合法权益，可以依法申请行政复议。"},{"id":"C","text":"不满八周岁的未成年人为无民事行为能力人。"},{"id":"D","text":"当事人采用合同书形式订立合同的，自当事人均签名、盖章或者按指印时合同成立。"}]}'::jsonb,'"D"'::jsonb,'{"summary":"当事人采用合同书形式订立合同的，自当事人均签名、盖章或者按指印时合同成立。","whyCorrect":"“合同成立”的正确表述是：当事人采用合同书形式订立合同的，自当事人均签名、盖章或者按指印时合同成立。 依据：《中华人民共和国民法典》。","whyUserAnswerWrong":"干扰项混淆了相近概念、条件或对应关系，应回到准确表述判断。","commonMistake":"注意区分“合同成立”的适用条件与相近常识。","memoryTip":"合同书形式看双方签署。"}',4,true,1),('common-law-consumer','law-consumer','common-1','single_choice','关于“消费者权益”，下列说法正确的是？','{"questionId":"common-law-consumer","knowledgeId":"law-consumer","type":"single_choice","stem":"关于“消费者权益”，下列说法正确的是？","options":[{"id":"A","text":"中华人民共和国实行依法治国，建设社会主义法治国家。"},{"id":"B","text":"八周岁以上的未成年人为限制民事行为能力人。"},{"id":"C","text":"消费者享有知悉其购买、使用的商品或者接受的服务真实情况的权利。"},{"id":"D","text":"公民、法人或者其他组织认为行政机关和行政机关工作人员的行政行为侵犯其合法权益，有权依法向人民法院提起诉讼。"}]}'::jsonb,'"C"'::jsonb,'{"summary":"消费者享有知悉其购买、使用的商品或者接受的服务真实情况的权利。","whyCorrect":"“消费者权益”的正确表述是：消费者享有知悉其购买、使用的商品或者接受的服务真实情况的权利。 依据：《消费者权益保护法》。","whyUserAnswerWrong":"干扰项混淆了相近概念、条件或对应关系，应回到准确表述判断。","commonMistake":"注意区分“消费者权益”的适用条件与相近常识。","memoryTip":"消费者有知情权。"}',5,true,1),('common-law-labor-hours','law-labor-hours','common-1','single_choice','关于“工作时间”，下列说法正确的是？','{"questionId":"common-law-labor-hours","knowledgeId":"law-labor-hours","type":"single_choice","stem":"关于“工作时间”，下列说法正确的是？","options":[{"id":"A","text":"国家、集体、私人的物权和其他权利人的物权受法律平等保护，任何组织或者个人不得侵犯。"},{"id":"B","text":"国家实行劳动者每日工作时间不超过八小时、平均每周工作时间不超过四十四小时的工时制度。"},{"id":"C","text":"国家机关和国家机关工作人员违法行使职权侵犯公民、法人和其他组织合法权益造成损害的，受害人有依照法律取得国家赔偿的权利。"},{"id":"D","text":"宪法是国家的根本法，具有最高的法律效力。"}]}'::jsonb,'"B"'::jsonb,'{"summary":"国家实行劳动者每日工作时间不超过八小时、平均每周工作时间不超过四十四小时的工时制度。","whyCorrect":"“工作时间”的正确表述是：国家实行劳动者每日工作时间不超过八小时、平均每周工作时间不超过四十四小时的工时制度。 依据：《劳动法》。","whyUserAnswerWrong":"干扰项混淆了相近概念、条件或对应关系，应回到准确表述判断。","commonMistake":"注意区分“工作时间”的适用条件与相近常识。","memoryTip":"日不超8小时，周平均不超44小时。"}',1,true,1),('common-law-labor-rest','law-labor-rest','common-1','single_choice','关于“休息日”，下列说法正确的是？','{"questionId":"common-law-labor-rest","knowledgeId":"law-labor-rest","type":"single_choice","stem":"关于“休息日”，下列说法正确的是？","options":[{"id":"A","text":"国家保护和改善生活环境和生态环境，防治污染和其他公害。"},{"id":"B","text":"中华人民共和国公民在法律面前一律平等。"},{"id":"C","text":"当事人采用合同书形式订立合同的，自当事人均签名、盖章或者按指印时合同成立。"},{"id":"D","text":"用人单位应当保证劳动者每周至少休息一日。"}]}'::jsonb,'"D"'::jsonb,'{"summary":"用人单位应当保证劳动者每周至少休息一日。","whyCorrect":"“休息日”的正确表述是：用人单位应当保证劳动者每周至少休息一日。 依据：《劳动法》。","whyUserAnswerWrong":"干扰项混淆了相近概念、条件或对应关系，应回到准确表述判断。","commonMistake":"注意区分“休息日”的适用条件与相近常识。","memoryTip":"每周至少休息一天。"}',2,true,1),('common-law-criminal-age','law-criminal-age','common-1','single_choice','关于“刑事责任年龄”，下列说法正确的是？','{"questionId":"common-law-criminal-age","knowledgeId":"law-criminal-age","type":"single_choice","stem":"关于“刑事责任年龄”，下列说法正确的是？","options":[{"id":"A","text":"已满十六周岁的人犯罪，应当负刑事责任。"},{"id":"B","text":"中华人民共和国公民有受教育的权利和义务。"},{"id":"C","text":"消费者享有知悉其购买、使用的商品或者接受的服务真实情况的权利。"},{"id":"D","text":"公民的人格尊严不受侵犯，禁止用任何方法侮辱、诽谤和诬告陷害公民。"}]}'::jsonb,'"A"'::jsonb,'{"summary":"已满十六周岁的人犯罪，应当负刑事责任。","whyCorrect":"“刑事责任年龄”的正确表述是：已满十六周岁的人犯罪，应当负刑事责任。 依据：《刑法》。","whyUserAnswerWrong":"干扰项混淆了相近概念、条件或对应关系，应回到准确表述判断。","commonMistake":"注意区分“刑事责任年龄”的适用条件与相近常识。","memoryTip":"一般刑责年龄是16周岁。"}',3,true,1),('common-law-criminal-special','law-criminal-special','common-1','single_choice','关于“特殊刑责年龄”，下列说法正确的是？','{"questionId":"common-law-criminal-special","knowledgeId":"law-criminal-special","type":"single_choice","stem":"关于“特殊刑责年龄”，下列说法正确的是？","options":[{"id":"A","text":"婚姻、家庭、母亲和儿童受国家保护，禁止破坏婚姻自由。"},{"id":"B","text":"已满十四周岁不满十六周岁的人，对故意杀人等法定严重犯罪负刑事责任。"},{"id":"C","text":"国家实行劳动者每日工作时间不超过八小时、平均每周工作时间不超过四十四小时的工时制度。"},{"id":"D","text":"年满十八周岁的中国公民，除依法被剥夺政治权利者外，都有选举权和被选举权。"}]}'::jsonb,'"B"'::jsonb,'{"summary":"已满十四周岁不满十六周岁的人，对故意杀人等法定严重犯罪负刑事责任。","whyCorrect":"“特殊刑责年龄”的正确表述是：已满十四周岁不满十六周岁的人，对故意杀人等法定严重犯罪负刑事责任。 依据：《刑法》。","whyUserAnswerWrong":"干扰项混淆了相近概念、条件或对应关系，应回到准确表述判断。","commonMistake":"注意区分“特殊刑责年龄”的适用条件与相近常识。","memoryTip":"14至16周岁仅对法定严重犯罪担责。"}',4,true,1),('common-law-defense','law-defense','common-1','single_choice','关于“正当防卫”，下列说法正确的是？','{"questionId":"common-law-defense","knowledgeId":"law-defense","type":"single_choice","stem":"关于“正当防卫”，下列说法正确的是？","options":[{"id":"A","text":"为了使国家、公共利益、本人或者他人的人身、财产和其他权利免受正在进行的不法侵害，而采取制止不法侵害的行为，造成损害的，属于正当防卫。"},{"id":"B","text":"十八周岁以上的自然人是成年人，具有完全民事行为能力。"},{"id":"C","text":"中华人民共和国国旗是五星红旗。"},{"id":"D","text":"用人单位应当保证劳动者每周至少休息一日。"}]}'::jsonb,'"A"'::jsonb,'{"summary":"为了使国家、公共利益、本人或者他人的人身、财产和其他权利免受正在进行的不法侵害，而采取制止不法侵害的行为，造成损害的，属于正当防卫。","whyCorrect":"“正当防卫”的正确表述是：为了使国家、公共利益、本人或者他人的人身、财产和其他权利免受正在进行的不法侵害，而采取制止不法侵害的行为，造成损害的，属于正当防卫。 依据：《刑法》。","whyUserAnswerWrong":"干扰项混淆了相近概念、条件或对应关系，应回到准确表述判断。","commonMistake":"注意区分“正当防卫”的适用条件与相近常识。","memoryTip":"关键是制止正在进行的不法侵害。"}',5,true,1),('common-law-emergency','law-emergency','common-2','single_choice','关于“紧急避险”，下列说法正确的是？','{"questionId":"common-law-emergency","knowledgeId":"law-emergency","type":"single_choice","stem":"关于“紧急避险”，下列说法正确的是？","options":[{"id":"A","text":"中华人民共和国国徽中间是五星照耀下的天安门，周围是谷穗和齿轮。"},{"id":"B","text":"不满八周岁的未成年人为无民事行为能力人。"},{"id":"C","text":"已满十六周岁的人犯罪，应当负刑事责任。"},{"id":"D","text":"为了使国家、公共利益、本人或者他人的人身、财产和其他权利免受正在发生的危险，不得已采取的紧急避险行为，造成损害的，不负刑事责任。"}]}'::jsonb,'"D"'::jsonb,'{"summary":"为了使国家、公共利益、本人或者他人的人身、财产和其他权利免受正在发生的危险，不得已采取的紧急避险行为，造成损害的，不负刑事责任。","whyCorrect":"“紧急避险”的正确表述是：为了使国家、公共利益、本人或者他人的人身、财产和其他权利免受正在发生的危险，不得已采取的紧急避险行为，造成损害的，不负刑事责任。 依据：《刑法》。","whyUserAnswerWrong":"干扰项混淆了相近概念、条件或对应关系，应回到准确表述判断。","commonMistake":"注意区分“紧急避险”的适用条件与相近常识。","memoryTip":"避险针对正在发生的危险。"}',1,true,1),('common-law-admin-reconsider','law-admin-reconsider','common-2','single_choice','关于“行政复议”，下列说法正确的是？','{"questionId":"common-law-admin-reconsider","knowledgeId":"law-admin-reconsider","type":"single_choice","stem":"关于“行政复议”，下列说法正确的是？","options":[{"id":"A","text":"八周岁以上的未成年人为限制民事行为能力人。"},{"id":"B","text":"已满十四周岁不满十六周岁的人，对故意杀人等法定严重犯罪负刑事责任。"},{"id":"C","text":"公民、法人或者其他组织认为行政行为侵犯其合法权益，可以依法申请行政复议。"},{"id":"D","text":"中华人民共和国实行依法治国，建设社会主义法治国家。"}]}'::jsonb,'"C"'::jsonb,'{"summary":"公民、法人或者其他组织认为行政行为侵犯其合法权益，可以依法申请行政复议。","whyCorrect":"“行政复议”的正确表述是：公民、法人或者其他组织认为行政行为侵犯其合法权益，可以依法申请行政复议。 依据：《行政复议法》。","whyUserAnswerWrong":"干扰项混淆了相近概念、条件或对应关系，应回到准确表述判断。","commonMistake":"注意区分“行政复议”的适用条件与相近常识。","memoryTip":"不服行政行为，可依法申请复议。"}',2,true,1),('common-law-admin-litigation','law-admin-litigation','common-2','single_choice','关于“行政诉讼”，下列说法正确的是？','{"questionId":"common-law-admin-litigation","knowledgeId":"law-admin-litigation","type":"single_choice","stem":"关于“行政诉讼”，下列说法正确的是？","options":[{"id":"A","text":"公民、法人或者其他组织认为行政机关和行政机关工作人员的行政行为侵犯其合法权益，有权依法向人民法院提起诉讼。"},{"id":"B","text":"国家、集体、私人的物权和其他权利人的物权受法律平等保护，任何组织或者个人不得侵犯。"},{"id":"C","text":"宪法是国家的根本法，具有最高的法律效力。"},{"id":"D","text":"为了使国家、公共利益、本人或者他人的人身、财产和其他权利免受正在进行的不法侵害，而采取制止不法侵害的行为，造成损害的，属于正当防卫。"}]}'::jsonb,'"A"'::jsonb,'{"summary":"公民、法人或者其他组织认为行政机关和行政机关工作人员的行政行为侵犯其合法权益，有权依法向人民法院提起诉讼。","whyCorrect":"“行政诉讼”的正确表述是：公民、法人或者其他组织认为行政机关和行政机关工作人员的行政行为侵犯其合法权益，有权依法向人民法院提起诉讼。 依据：《行政诉讼法》。","whyUserAnswerWrong":"干扰项混淆了相近概念、条件或对应关系，应回到准确表述判断。","commonMistake":"注意区分“行政诉讼”的适用条件与相近常识。","memoryTip":"行政争议可依法诉至法院。"}',3,true,1),('common-law-state-comp','law-state-comp','common-2','single_choice','关于“国家赔偿”，下列说法正确的是？','{"questionId":"common-law-state-comp","knowledgeId":"law-state-comp","type":"single_choice","stem":"关于“国家赔偿”，下列说法正确的是？","options":[{"id":"A","text":"国家机关和国家机关工作人员违法行使职权侵犯公民、法人和其他组织合法权益造成损害的，受害人有依照法律取得国家赔偿的权利。"},{"id":"B","text":"中华人民共和国公民在法律面前一律平等。"},{"id":"C","text":"为了使国家、公共利益、本人或者他人的人身、财产和其他权利免受正在发生的危险，不得已采取的紧急避险行为，造成损害的，不负刑事责任。"},{"id":"D","text":"当事人采用合同书形式订立合同的，自当事人均签名、盖章或者按指印时合同成立。"}]}'::jsonb,'"A"'::jsonb,'{"summary":"国家机关和国家机关工作人员违法行使职权侵犯公民、法人和其他组织合法权益造成损害的，受害人有依照法律取得国家赔偿的权利。","whyCorrect":"“国家赔偿”的正确表述是：国家机关和国家机关工作人员违法行使职权侵犯公民、法人和其他组织合法权益造成损害的，受害人有依照法律取得国家赔偿的权利。 依据：《国家赔偿法》。","whyUserAnswerWrong":"干扰项混淆了相近概念、条件或对应关系，应回到准确表述判断。","commonMistake":"注意区分“国家赔偿”的适用条件与相近常识。","memoryTip":"违法行使职权造成损害，可能国家赔偿。"}',4,true,1) on conflict (id) do update set knowledge_id=excluded.knowledge_id,level_id=excluded.level_id,question_type=excluded.question_type,stem=excluded.stem,options=excluded.options,correct_answer=excluded.correct_answer,explanation=excluded.explanation,difficulty=excluded.difficulty,published=excluded.published,version=excluded.version;

insert into public.questions (id,knowledge_id,level_id,question_type,stem,options,correct_answer,explanation,difficulty,published,version) values ('common-law-environment','law-environment','common-2','single_choice','关于“环境保护”，下列说法正确的是？','{"questionId":"common-law-environment","knowledgeId":"law-environment","type":"single_choice","stem":"关于“环境保护”，下列说法正确的是？","options":[{"id":"A","text":"公民、法人或者其他组织认为行政行为侵犯其合法权益，可以依法申请行政复议。"},{"id":"B","text":"国家保护和改善生活环境和生态环境，防治污染和其他公害。"},{"id":"C","text":"消费者享有知悉其购买、使用的商品或者接受的服务真实情况的权利。"},{"id":"D","text":"公民的人格尊严不受侵犯，禁止用任何方法侮辱、诽谤和诬告陷害公民。"}]}'::jsonb,'"B"'::jsonb,'{"summary":"国家保护和改善生活环境和生态环境，防治污染和其他公害。","whyCorrect":"“环境保护”的正确表述是：国家保护和改善生活环境和生态环境，防治污染和其他公害。 依据：《中华人民共和国宪法》。","whyUserAnswerWrong":"干扰项混淆了相近概念、条件或对应关系，应回到准确表述判断。","commonMistake":"注意区分“环境保护”的适用条件与相近常识。","memoryTip":"环境保护是国家基本职责。"}',5,true,1),('common-law-education','law-education','common-2','single_choice','关于“受教育权”，下列说法正确的是？','{"questionId":"common-law-education","knowledgeId":"law-education","type":"single_choice","stem":"关于“受教育权”，下列说法正确的是？","options":[{"id":"A","text":"公民、法人或者其他组织认为行政机关和行政机关工作人员的行政行为侵犯其合法权益，有权依法向人民法院提起诉讼。"},{"id":"B","text":"年满十八周岁的中国公民，除依法被剥夺政治权利者外，都有选举权和被选举权。"},{"id":"C","text":"国家实行劳动者每日工作时间不超过八小时、平均每周工作时间不超过四十四小时的工时制度。"},{"id":"D","text":"中华人民共和国公民有受教育的权利和义务。"}]}'::jsonb,'"D"'::jsonb,'{"summary":"中华人民共和国公民有受教育的权利和义务。","whyCorrect":"“受教育权”的正确表述是：中华人民共和国公民有受教育的权利和义务。 依据：《中华人民共和国宪法》。","whyUserAnswerWrong":"干扰项混淆了相近概念、条件或对应关系，应回到准确表述判断。","commonMistake":"注意区分“受教育权”的适用条件与相近常识。","memoryTip":"受教育既是权利也是义务。"}',1,true,1),('common-law-marriage','law-marriage','common-2','single_choice','关于“婚姻自由”，下列说法正确的是？','{"questionId":"common-law-marriage","knowledgeId":"law-marriage","type":"single_choice","stem":"关于“婚姻自由”，下列说法正确的是？","options":[{"id":"A","text":"用人单位应当保证劳动者每周至少休息一日。"},{"id":"B","text":"十八周岁以上的自然人是成年人，具有完全民事行为能力。"},{"id":"C","text":"婚姻、家庭、母亲和儿童受国家保护，禁止破坏婚姻自由。"},{"id":"D","text":"国家机关和国家机关工作人员违法行使职权侵犯公民、法人和其他组织合法权益造成损害的，受害人有依照法律取得国家赔偿的权利。"}]}'::jsonb,'"C"'::jsonb,'{"summary":"婚姻、家庭、母亲和儿童受国家保护，禁止破坏婚姻自由。","whyCorrect":"“婚姻自由”的正确表述是：婚姻、家庭、母亲和儿童受国家保护，禁止破坏婚姻自由。 依据：《中华人民共和国宪法》。","whyUserAnswerWrong":"干扰项混淆了相近概念、条件或对应关系，应回到准确表述判断。","commonMistake":"注意区分“婚姻自由”的适用条件与相近常识。","memoryTip":"婚姻自由受法律保护。"}',2,true,1),('common-law-national-flag','law-national-flag','common-2','single_choice','关于“国旗”，下列说法正确的是？','{"questionId":"common-law-national-flag","knowledgeId":"law-national-flag","type":"single_choice","stem":"关于“国旗”，下列说法正确的是？","options":[{"id":"A","text":"不满八周岁的未成年人为无民事行为能力人。"},{"id":"B","text":"中华人民共和国国旗是五星红旗。"},{"id":"C","text":"国家保护和改善生活环境和生态环境，防治污染和其他公害。"},{"id":"D","text":"已满十六周岁的人犯罪，应当负刑事责任。"}]}'::jsonb,'"B"'::jsonb,'{"summary":"中华人民共和国国旗是五星红旗。","whyCorrect":"“国旗”的正确表述是：中华人民共和国国旗是五星红旗。 依据：《国旗法》。","whyUserAnswerWrong":"干扰项混淆了相近概念、条件或对应关系，应回到准确表述判断。","commonMistake":"注意区分“国旗”的适用条件与相近常识。","memoryTip":"五星红旗是国旗。"}',3,true,1),('common-law-national-emblem','law-national-emblem','common-2','single_choice','关于“国徽”，下列说法正确的是？','{"questionId":"common-law-national-emblem","knowledgeId":"law-national-emblem","type":"single_choice","stem":"关于“国徽”，下列说法正确的是？","options":[{"id":"A","text":"八周岁以上的未成年人为限制民事行为能力人。"},{"id":"B","text":"中华人民共和国公民有受教育的权利和义务。"},{"id":"C","text":"已满十四周岁不满十六周岁的人，对故意杀人等法定严重犯罪负刑事责任。"},{"id":"D","text":"中华人民共和国国徽中间是五星照耀下的天安门，周围是谷穗和齿轮。"}]}'::jsonb,'"D"'::jsonb,'{"summary":"中华人民共和国国徽中间是五星照耀下的天安门，周围是谷穗和齿轮。","whyCorrect":"“国徽”的正确表述是：中华人民共和国国徽中间是五星照耀下的天安门，周围是谷穗和齿轮。 依据：《宪法》。","whyUserAnswerWrong":"干扰项混淆了相近概念、条件或对应关系，应回到准确表述判断。","commonMistake":"注意区分“国徽”的适用条件与相近常识。","memoryTip":"天安门、五星、谷穗、齿轮。"}',4,true,1),('common-law-rule','law-rule','common-2','single_choice','关于“依法治国”，下列说法正确的是？','{"questionId":"common-law-rule","knowledgeId":"law-rule","type":"single_choice","stem":"关于“依法治国”，下列说法正确的是？","options":[{"id":"A","text":"中华人民共和国实行依法治国，建设社会主义法治国家。"},{"id":"B","text":"为了使国家、公共利益、本人或者他人的人身、财产和其他权利免受正在进行的不法侵害，而采取制止不法侵害的行为，造成损害的，属于正当防卫。"},{"id":"C","text":"国家、集体、私人的物权和其他权利人的物权受法律平等保护，任何组织或者个人不得侵犯。"},{"id":"D","text":"婚姻、家庭、母亲和儿童受国家保护，禁止破坏婚姻自由。"}]}'::jsonb,'"A"'::jsonb,'{"summary":"中华人民共和国实行依法治国，建设社会主义法治国家。","whyCorrect":"“依法治国”的正确表述是：中华人民共和国实行依法治国，建设社会主义法治国家。 依据：《中华人民共和国宪法》。","whyUserAnswerWrong":"干扰项混淆了相近概念、条件或对应关系，应回到准确表述判断。","commonMistake":"注意区分“依法治国”的适用条件与相近常识。","memoryTip":"依法治国是基本方略。"}',5,true,1),('common-hist-xia','hist-xia','common-2','single_choice','关于“夏朝”，下列说法正确的是？','{"questionId":"common-hist-xia","knowledgeId":"hist-xia","type":"single_choice","stem":"关于“夏朝”，下列说法正确的是？","options":[{"id":"A","text":"墨家学派的代表人物是墨子，主张兼爱、非攻。"},{"id":"B","text":"夏朝通常被视为中国史书中记载的第一个世袭制王朝。"},{"id":"C","text":"康乾盛世通常指清朝康熙、雍正、乾隆时期社会经济发展较快的阶段。"},{"id":"D","text":"《水浒传》的作者通常署为施耐庵。"}]}'::jsonb,'"B"'::jsonb,'{"summary":"夏朝通常被视为中国史书中记载的第一个世袭制王朝。","whyCorrect":"“夏朝”的正确表述是：夏朝通常被视为中国史书中记载的第一个世袭制王朝。 依据：中国历史通识。","whyUserAnswerWrong":"干扰项混淆了相近概念、条件或对应关系，应回到准确表述判断。","commonMistake":"注意区分“夏朝”的适用条件与相近常识。","memoryTip":"夏朝常作为早期王朝起点。"}',1,true,1),('common-hist-qin','hist-qin','common-2','single_choice','关于“秦朝统一”，下列说法正确的是？','{"questionId":"common-hist-qin","knowledgeId":"hist-qin","type":"single_choice","stem":"关于“秦朝统一”，下列说法正确的是？","options":[{"id":"A","text":"法家代表人物包括韩非，强调以法治国。"},{"id":"B","text":"戊戌变法发生于1898年，主张变法图强。"},{"id":"C","text":"《西游记》的作者通常署为吴承恩。"},{"id":"D","text":"秦始皇于公元前221年统一六国，建立秦朝。"}]}'::jsonb,'"D"'::jsonb,'{"summary":"秦始皇于公元前221年统一六国，建立秦朝。","whyCorrect":"“秦朝统一”的正确表述是：秦始皇于公元前221年统一六国，建立秦朝。 依据：中国历史通识。","whyUserAnswerWrong":"干扰项混淆了相近概念、条件或对应关系，应回到准确表述判断。","commonMistake":"注意区分“秦朝统一”的适用条件与相近常识。","memoryTip":"前221年，秦统一。"}',2,true,1),('common-hist-han','hist-han','common-2','single_choice','关于“丝绸之路”，下列说法正确的是？','{"questionId":"common-hist-han","knowledgeId":"hist-han","type":"single_choice","stem":"关于“丝绸之路”，下列说法正确的是？","options":[{"id":"A","text":"张骞出使西域为汉代丝绸之路的开通奠定了基础。"},{"id":"B","text":"辛亥革命推翻了清朝统治，结束了中国延续两千多年的君主专制制度。"},{"id":"C","text":"《诗经》是中国最早的一部诗歌总集。"},{"id":"D","text":"夏朝通常被视为中国史书中记载的第一个世袭制王朝。"}]}'::jsonb,'"A"'::jsonb,'{"summary":"张骞出使西域为汉代丝绸之路的开通奠定了基础。","whyCorrect":"“丝绸之路”的正确表述是：张骞出使西域为汉代丝绸之路的开通奠定了基础。 依据：中国历史通识。","whyUserAnswerWrong":"干扰项混淆了相近概念、条件或对应关系，应回到准确表述判断。","commonMistake":"注意区分“丝绸之路”的适用条件与相近常识。","memoryTip":"张骞通西域。"}',3,true,1),('common-hist-three','hist-three','common-2','single_choice','关于“三国时期”，下列说法正确的是？','{"questionId":"common-hist-three","knowledgeId":"hist-three","type":"single_choice","stem":"关于“三国时期”，下列说法正确的是？","options":[{"id":"A","text":"三国时期通常指魏、蜀、吴三国鼎立的历史阶段。"},{"id":"B","text":"《楚辞》以屈原作品为主，具有鲜明的楚地文化特色。"},{"id":"C","text":"造纸术、印刷术、火药和指南针通常被称为中国古代四大发明。"},{"id":"D","text":"秦始皇于公元前221年统一六国，建立秦朝。"}]}'::jsonb,'"A"'::jsonb,'{"summary":"三国时期通常指魏、蜀、吴三国鼎立的历史阶段。","whyCorrect":"“三国时期”的正确表述是：三国时期通常指魏、蜀、吴三国鼎立的历史阶段。 依据：中国历史通识。","whyUserAnswerWrong":"干扰项混淆了相近概念、条件或对应关系，应回到准确表述判断。","commonMistake":"注意区分“三国时期”的适用条件与相近常识。","memoryTip":"魏蜀吴三足鼎立。"}',4,true,1),('common-hist-sui','hist-sui','common-2','single_choice','关于“隋朝运河”，下列说法正确的是？','{"questionId":"common-hist-sui","knowledgeId":"hist-sui","type":"single_choice","stem":"关于“隋朝运河”，下列说法正确的是？","options":[{"id":"A","text":"隋朝大运河沟通海河、黄河、淮河、长江和钱塘江五大水系。"},{"id":"B","text":"甲骨文是刻在龟甲和兽骨上的文字，是汉字早期形态的重要实物资料。"},{"id":"C","text":"李白被后人称为“诗仙”。"},{"id":"D","text":"张骞出使西域为汉代丝绸之路的开通奠定了基础。"}]}'::jsonb,'"A"'::jsonb,'{"summary":"隋朝大运河沟通海河、黄河、淮河、长江和钱塘江五大水系。","whyCorrect":"“隋朝运河”的正确表述是：隋朝大运河沟通海河、黄河、淮河、长江和钱塘江五大水系。 依据：中国历史通识。","whyUserAnswerWrong":"干扰项混淆了相近概念、条件或对应关系，应回到准确表述判断。","commonMistake":"注意区分“隋朝运河”的适用条件与相近常识。","memoryTip":"运河沟通南北水系。"}',5,true,1),('common-hist-tang','hist-tang','common-3','single_choice','关于“贞观之治”，下列说法正确的是？','{"questionId":"common-hist-tang","knowledgeId":"hist-tang","type":"single_choice","stem":"关于“贞观之治”，下列说法正确的是？","options":[{"id":"A","text":"三国时期通常指魏、蜀、吴三国鼎立的历史阶段。"},{"id":"B","text":"儒家学派的创始人是孔子。"},{"id":"C","text":"贞观之治是唐太宗李世民在位时期出现的政治清明、经济恢复发展的局面。"},{"id":"D","text":"杜甫被后人称为“诗圣”。"}]}'::jsonb,'"C"'::jsonb,'{"summary":"贞观之治是唐太宗李世民在位时期出现的政治清明、经济恢复发展的局面。","whyCorrect":"“贞观之治”的正确表述是：贞观之治是唐太宗李世民在位时期出现的政治清明、经济恢复发展的局面。 依据：中国历史通识。","whyUserAnswerWrong":"干扰项混淆了相近概念、条件或对应关系，应回到准确表述判断。","commonMistake":"注意区分“贞观之治”的适用条件与相近常识。","memoryTip":"贞观对应唐太宗。"}',1,true,1),('common-hist-song','hist-song','common-3','single_choice','关于“活字印刷”，下列说法正确的是？','{"questionId":"common-hist-song","knowledgeId":"hist-song","type":"single_choice","stem":"关于“活字印刷”，下列说法正确的是？","options":[{"id":"A","text":"隋朝大运河沟通海河、黄河、淮河、长江和钱塘江五大水系。"},{"id":"B","text":"《红楼梦》的作者通常署为曹雪芹。"},{"id":"C","text":"道家学派代表人物包括老子和庄子。"},{"id":"D","text":"北宋毕昇发明泥活字印刷术。"}]}'::jsonb,'"D"'::jsonb,'{"summary":"北宋毕昇发明泥活字印刷术。","whyCorrect":"“活字印刷”的正确表述是：北宋毕昇发明泥活字印刷术。 依据：中国古代科技史。","whyUserAnswerWrong":"干扰项混淆了相近概念、条件或对应关系，应回到准确表述判断。","commonMistake":"注意区分“活字印刷”的适用条件与相近常识。","memoryTip":"毕昇与活字印刷。"}',2,true,1),('common-hist-yuan','hist-yuan','common-3','single_choice','关于“行省制度”，下列说法正确的是？','{"questionId":"common-hist-yuan","knowledgeId":"hist-yuan","type":"single_choice","stem":"关于“行省制度”，下列说法正确的是？","options":[{"id":"A","text":"墨家学派的代表人物是墨子，主张兼爱、非攻。"},{"id":"B","text":"贞观之治是唐太宗李世民在位时期出现的政治清明、经济恢复发展的局面。"},{"id":"C","text":"《水浒传》的作者通常署为施耐庵。"},{"id":"D","text":"元朝在地方实行行省制度，对后世地方行政制度影响深远。"}]}'::jsonb,'"D"'::jsonb,'{"summary":"元朝在地方实行行省制度，对后世地方行政制度影响深远。","whyCorrect":"“行省制度”的正确表述是：元朝在地方实行行省制度，对后世地方行政制度影响深远。 依据：中国历史通识。","whyUserAnswerWrong":"干扰项混淆了相近概念、条件或对应关系，应回到准确表述判断。","commonMistake":"注意区分“行省制度”的适用条件与相近常识。","memoryTip":"元朝行省。"}',3,true,1),('common-hist-ming','hist-ming','common-3','single_choice','关于“郑和下西洋”，下列说法正确的是？','{"questionId":"common-hist-ming","knowledgeId":"hist-ming","type":"single_choice","stem":"关于“郑和下西洋”，下列说法正确的是？","options":[{"id":"A","text":"北宋毕昇发明泥活字印刷术。"},{"id":"B","text":"郑和下西洋发生在明朝前期。"},{"id":"C","text":"《西游记》的作者通常署为吴承恩。"},{"id":"D","text":"法家代表人物包括韩非，强调以法治国。"}]}'::jsonb,'"B"'::jsonb,'{"summary":"郑和下西洋发生在明朝前期。","whyCorrect":"“郑和下西洋”的正确表述是：郑和下西洋发生在明朝前期。 依据：中国历史通识。","whyUserAnswerWrong":"干扰项混淆了相近概念、条件或对应关系，应回到准确表述判断。","commonMistake":"注意区分“郑和下西洋”的适用条件与相近常识。","memoryTip":"郑和属于明前期。"}',4,true,1),('common-hist-qing','hist-qing','common-3','single_choice','关于“康乾盛世”，下列说法正确的是？','{"questionId":"common-hist-qing","knowledgeId":"hist-qing","type":"single_choice","stem":"关于“康乾盛世”，下列说法正确的是？","options":[{"id":"A","text":"康乾盛世通常指清朝康熙、雍正、乾隆时期社会经济发展较快的阶段。"},{"id":"B","text":"《诗经》是中国最早的一部诗歌总集。"},{"id":"C","text":"元朝在地方实行行省制度，对后世地方行政制度影响深远。"},{"id":"D","text":"夏朝通常被视为中国史书中记载的第一个世袭制王朝。"}]}'::jsonb,'"A"'::jsonb,'{"summary":"康乾盛世通常指清朝康熙、雍正、乾隆时期社会经济发展较快的阶段。","whyCorrect":"“康乾盛世”的正确表述是：康乾盛世通常指清朝康熙、雍正、乾隆时期社会经济发展较快的阶段。 依据：中国历史通识。","whyUserAnswerWrong":"干扰项混淆了相近概念、条件或对应关系，应回到准确表述判断。","commonMistake":"注意区分“康乾盛世”的适用条件与相近常识。","memoryTip":"康雍乾对应清盛世。"}',5,true,1),('common-hist-reform','hist-reform','common-3','single_choice','关于“戊戌变法”，下列说法正确的是？','{"questionId":"common-hist-reform","knowledgeId":"hist-reform","type":"single_choice","stem":"关于“戊戌变法”，下列说法正确的是？","options":[{"id":"A","text":"《楚辞》以屈原作品为主，具有鲜明的楚地文化特色。"},{"id":"B","text":"戊戌变法发生于1898年，主张变法图强。"},{"id":"C","text":"秦始皇于公元前221年统一六国，建立秦朝。"},{"id":"D","text":"郑和下西洋发生在明朝前期。"}]}'::jsonb,'"B"'::jsonb,'{"summary":"戊戌变法发生于1898年，主张变法图强。","whyCorrect":"“戊戌变法”的正确表述是：戊戌变法发生于1898年，主张变法图强。 依据：中国近代史通识。","whyUserAnswerWrong":"干扰项混淆了相近概念、条件或对应关系，应回到准确表述判断。","commonMistake":"注意区分“戊戌变法”的适用条件与相近常识。","memoryTip":"1898年戊戌变法。"}',1,true,1),('common-hist-xinhai','hist-xinhai','common-3','single_choice','关于“辛亥革命”，下列说法正确的是？','{"questionId":"common-hist-xinhai","knowledgeId":"hist-xinhai","type":"single_choice","stem":"关于“辛亥革命”，下列说法正确的是？","options":[{"id":"A","text":"康乾盛世通常指清朝康熙、雍正、乾隆时期社会经济发展较快的阶段。"},{"id":"B","text":"张骞出使西域为汉代丝绸之路的开通奠定了基础。"},{"id":"C","text":"辛亥革命推翻了清朝统治，结束了中国延续两千多年的君主专制制度。"},{"id":"D","text":"李白被后人称为“诗仙”。"}]}'::jsonb,'"C"'::jsonb,'{"summary":"辛亥革命推翻了清朝统治，结束了中国延续两千多年的君主专制制度。","whyCorrect":"“辛亥革命”的正确表述是：辛亥革命推翻了清朝统治，结束了中国延续两千多年的君主专制制度。 依据：中国近代史通识。","whyUserAnswerWrong":"干扰项混淆了相近概念、条件或对应关系，应回到准确表述判断。","commonMistake":"注意区分“辛亥革命”的适用条件与相近常识。","memoryTip":"辛亥革命结束君主专制。"}',2,true,1),('common-hist-four-inventions','hist-four-inventions','common-3','single_choice','关于“四大发明”，下列说法正确的是？','{"questionId":"common-hist-four-inventions","knowledgeId":"hist-four-inventions","type":"single_choice","stem":"关于“四大发明”，下列说法正确的是？","options":[{"id":"A","text":"三国时期通常指魏、蜀、吴三国鼎立的历史阶段。"},{"id":"B","text":"造纸术、印刷术、火药和指南针通常被称为中国古代四大发明。"},{"id":"C","text":"戊戌变法发生于1898年，主张变法图强。"},{"id":"D","text":"杜甫被后人称为“诗圣”。"}]}'::jsonb,'"B"'::jsonb,'{"summary":"造纸术、印刷术、火药和指南针通常被称为中国古代四大发明。","whyCorrect":"“四大发明”的正确表述是：造纸术、印刷术、火药和指南针通常被称为中国古代四大发明。 依据：中国古代科技史。","whyUserAnswerWrong":"干扰项混淆了相近概念、条件或对应关系，应回到准确表述判断。","commonMistake":"注意区分“四大发明”的适用条件与相近常识。","memoryTip":"纸、印、火、针。"}',3,true,1),('common-hist-oracle','hist-oracle','common-3','single_choice','关于“甲骨文”，下列说法正确的是？','{"questionId":"common-hist-oracle","knowledgeId":"hist-oracle","type":"single_choice","stem":"关于“甲骨文”，下列说法正确的是？","options":[{"id":"A","text":"隋朝大运河沟通海河、黄河、淮河、长江和钱塘江五大水系。"},{"id":"B","text":"《红楼梦》的作者通常署为曹雪芹。"},{"id":"C","text":"辛亥革命推翻了清朝统治，结束了中国延续两千多年的君主专制制度。"},{"id":"D","text":"甲骨文是刻在龟甲和兽骨上的文字，是汉字早期形态的重要实物资料。"}]}'::jsonb,'"D"'::jsonb,'{"summary":"甲骨文是刻在龟甲和兽骨上的文字，是汉字早期形态的重要实物资料。","whyCorrect":"“甲骨文”的正确表述是：甲骨文是刻在龟甲和兽骨上的文字，是汉字早期形态的重要实物资料。 依据：中国文字史通识。","whyUserAnswerWrong":"干扰项混淆了相近概念、条件或对应关系，应回到准确表述判断。","commonMistake":"注意区分“甲骨文”的适用条件与相近常识。","memoryTip":"甲骨文刻在龟甲兽骨。"}',4,true,1),('common-hist-ru','hist-ru','common-3','single_choice','关于“儒家”，下列说法正确的是？','{"questionId":"common-hist-ru","knowledgeId":"hist-ru","type":"single_choice","stem":"关于“儒家”，下列说法正确的是？","options":[{"id":"A","text":"儒家学派的创始人是孔子。"},{"id":"B","text":"《水浒传》的作者通常署为施耐庵。"},{"id":"C","text":"造纸术、印刷术、火药和指南针通常被称为中国古代四大发明。"},{"id":"D","text":"贞观之治是唐太宗李世民在位时期出现的政治清明、经济恢复发展的局面。"}]}'::jsonb,'"A"'::jsonb,'{"summary":"儒家学派的创始人是孔子。","whyCorrect":"“儒家”的正确表述是：儒家学派的创始人是孔子。 依据：中国思想史通识。","whyUserAnswerWrong":"干扰项混淆了相近概念、条件或对应关系，应回到准确表述判断。","commonMistake":"注意区分“儒家”的适用条件与相近常识。","memoryTip":"儒家孔子。"}',5,true,1),('common-hist-dao','hist-dao','common-3','single_choice','关于“道家”，下列说法正确的是？','{"questionId":"common-hist-dao","knowledgeId":"hist-dao","type":"single_choice","stem":"关于“道家”，下列说法正确的是？","options":[{"id":"A","text":"道家学派代表人物包括老子和庄子。"},{"id":"B","text":"北宋毕昇发明泥活字印刷术。"},{"id":"C","text":"《西游记》的作者通常署为吴承恩。"},{"id":"D","text":"甲骨文是刻在龟甲和兽骨上的文字，是汉字早期形态的重要实物资料。"}]}'::jsonb,'"A"'::jsonb,'{"summary":"道家学派代表人物包括老子和庄子。","whyCorrect":"“道家”的正确表述是：道家学派代表人物包括老子和庄子。 依据：中国思想史通识。","whyUserAnswerWrong":"干扰项混淆了相近概念、条件或对应关系，应回到准确表述判断。","commonMistake":"注意区分“道家”的适用条件与相近常识。","memoryTip":"道家老庄。"}',1,true,1),('common-hist-mo','hist-mo','common-3','single_choice','关于“墨家”，下列说法正确的是？','{"questionId":"common-hist-mo","knowledgeId":"hist-mo","type":"single_choice","stem":"关于“墨家”，下列说法正确的是？","options":[{"id":"A","text":"墨家学派的代表人物是墨子，主张兼爱、非攻。"},{"id":"B","text":"儒家学派的创始人是孔子。"},{"id":"C","text":"夏朝通常被视为中国史书中记载的第一个世袭制王朝。"},{"id":"D","text":"元朝在地方实行行省制度，对后世地方行政制度影响深远。"}]}'::jsonb,'"A"'::jsonb,'{"summary":"墨家学派的代表人物是墨子，主张兼爱、非攻。","whyCorrect":"“墨家”的正确表述是：墨家学派的代表人物是墨子，主张兼爱、非攻。 依据：中国思想史通识。","whyUserAnswerWrong":"干扰项混淆了相近概念、条件或对应关系，应回到准确表述判断。","commonMistake":"注意区分“墨家”的适用条件与相近常识。","memoryTip":"墨子：兼爱、非攻。"}',2,true,1),('common-hist-legalism','hist-legalism','common-3','single_choice','关于“法家”，下列说法正确的是？','{"questionId":"common-hist-legalism","knowledgeId":"hist-legalism","type":"single_choice","stem":"关于“法家”，下列说法正确的是？","options":[{"id":"A","text":"道家学派代表人物包括老子和庄子。"},{"id":"B","text":"秦始皇于公元前221年统一六国，建立秦朝。"},{"id":"C","text":"法家代表人物包括韩非，强调以法治国。"},{"id":"D","text":"郑和下西洋发生在明朝前期。"}]}'::jsonb,'"C"'::jsonb,'{"summary":"法家代表人物包括韩非，强调以法治国。","whyCorrect":"“法家”的正确表述是：法家代表人物包括韩非，强调以法治国。 依据：中国思想史通识。","whyUserAnswerWrong":"干扰项混淆了相近概念、条件或对应关系，应回到准确表述判断。","commonMistake":"注意区分“法家”的适用条件与相近常识。","memoryTip":"韩非与法家。"}',3,true,1),('common-hist-poetry','hist-poetry','common-3','single_choice','关于“诗经”，下列说法正确的是？','{"questionId":"common-hist-poetry","knowledgeId":"hist-poetry","type":"single_choice","stem":"关于“诗经”，下列说法正确的是？","options":[{"id":"A","text":"张骞出使西域为汉代丝绸之路的开通奠定了基础。"},{"id":"B","text":"康乾盛世通常指清朝康熙、雍正、乾隆时期社会经济发展较快的阶段。"},{"id":"C","text":"墨家学派的代表人物是墨子，主张兼爱、非攻。"},{"id":"D","text":"《诗经》是中国最早的一部诗歌总集。"}]}'::jsonb,'"D"'::jsonb,'{"summary":"《诗经》是中国最早的一部诗歌总集。","whyCorrect":"“诗经”的正确表述是：《诗经》是中国最早的一部诗歌总集。 依据：中国古代文学通识。","whyUserAnswerWrong":"干扰项混淆了相近概念、条件或对应关系，应回到准确表述判断。","commonMistake":"注意区分“诗经”的适用条件与相近常识。","memoryTip":"最早诗歌总集是《诗经》。"}',4,true,1),('common-hist-chuci','hist-chuci','common-3','single_choice','关于“楚辞”，下列说法正确的是？','{"questionId":"common-hist-chuci","knowledgeId":"hist-chuci","type":"single_choice","stem":"关于“楚辞”，下列说法正确的是？","options":[{"id":"A","text":"戊戌变法发生于1898年，主张变法图强。"},{"id":"B","text":"三国时期通常指魏、蜀、吴三国鼎立的历史阶段。"},{"id":"C","text":"法家代表人物包括韩非，强调以法治国。"},{"id":"D","text":"《楚辞》以屈原作品为主，具有鲜明的楚地文化特色。"}]}'::jsonb,'"D"'::jsonb,'{"summary":"《楚辞》以屈原作品为主，具有鲜明的楚地文化特色。","whyCorrect":"“楚辞”的正确表述是：《楚辞》以屈原作品为主，具有鲜明的楚地文化特色。 依据：中国古代文学通识。","whyUserAnswerWrong":"干扰项混淆了相近概念、条件或对应关系，应回到准确表述判断。","commonMistake":"注意区分“楚辞”的适用条件与相近常识。","memoryTip":"楚辞与屈原、楚文化。"}',5,true,1),('common-hist-tang-poet','hist-tang-poet','common-4','single_choice','关于“诗仙”，下列说法正确的是？','{"questionId":"common-hist-tang-poet","knowledgeId":"hist-tang-poet","type":"single_choice","stem":"关于“诗仙”，下列说法正确的是？","options":[{"id":"A","text":"《诗经》是中国最早的一部诗歌总集。"},{"id":"B","text":"李白被后人称为“诗仙”。"},{"id":"C","text":"辛亥革命推翻了清朝统治，结束了中国延续两千多年的君主专制制度。"},{"id":"D","text":"隋朝大运河沟通海河、黄河、淮河、长江和钱塘江五大水系。"}]}'::jsonb,'"B"'::jsonb,'{"summary":"李白被后人称为“诗仙”。","whyCorrect":"“诗仙”的正确表述是：李白被后人称为“诗仙”。 依据：中国古代文学通识。","whyUserAnswerWrong":"干扰项混淆了相近概念、条件或对应关系，应回到准确表述判断。","commonMistake":"注意区分“诗仙”的适用条件与相近常识。","memoryTip":"诗仙李白。"}',1,true,1),('common-hist-dufu','hist-dufu','common-4','single_choice','关于“诗圣”，下列说法正确的是？','{"questionId":"common-hist-dufu","knowledgeId":"hist-dufu","type":"single_choice","stem":"关于“诗圣”，下列说法正确的是？","options":[{"id":"A","text":"杜甫被后人称为“诗圣”。"},{"id":"B","text":"《楚辞》以屈原作品为主，具有鲜明的楚地文化特色。"},{"id":"C","text":"贞观之治是唐太宗李世民在位时期出现的政治清明、经济恢复发展的局面。"},{"id":"D","text":"造纸术、印刷术、火药和指南针通常被称为中国古代四大发明。"}]}'::jsonb,'"A"'::jsonb,'{"summary":"杜甫被后人称为“诗圣”。","whyCorrect":"“诗圣”的正确表述是：杜甫被后人称为“诗圣”。 依据：中国古代文学通识。","whyUserAnswerWrong":"干扰项混淆了相近概念、条件或对应关系，应回到准确表述判断。","commonMistake":"注意区分“诗圣”的适用条件与相近常识。","memoryTip":"诗圣杜甫。"}',2,true,1) on conflict (id) do update set knowledge_id=excluded.knowledge_id,level_id=excluded.level_id,question_type=excluded.question_type,stem=excluded.stem,options=excluded.options,correct_answer=excluded.correct_answer,explanation=excluded.explanation,difficulty=excluded.difficulty,published=excluded.published,version=excluded.version;

insert into public.questions (id,knowledge_id,level_id,question_type,stem,options,correct_answer,explanation,difficulty,published,version) values ('common-hist-red','hist-red','common-4','single_choice','关于“红楼梦”，下列说法正确的是？','{"questionId":"common-hist-red","knowledgeId":"hist-red","type":"single_choice","stem":"关于“红楼梦”，下列说法正确的是？","options":[{"id":"A","text":"北宋毕昇发明泥活字印刷术。"},{"id":"B","text":"《红楼梦》的作者通常署为曹雪芹。"},{"id":"C","text":"甲骨文是刻在龟甲和兽骨上的文字，是汉字早期形态的重要实物资料。"},{"id":"D","text":"李白被后人称为“诗仙”。"}]}'::jsonb,'"B"'::jsonb,'{"summary":"《红楼梦》的作者通常署为曹雪芹。","whyCorrect":"“红楼梦”的正确表述是：《红楼梦》的作者通常署为曹雪芹。 依据：中国古典小说通识。","whyUserAnswerWrong":"干扰项混淆了相近概念、条件或对应关系，应回到准确表述判断。","commonMistake":"注意区分“红楼梦”的适用条件与相近常识。","memoryTip":"《红楼梦》曹雪芹。"}',3,true,1),('common-hist-water','hist-water','common-4','single_choice','关于“水浒传”，下列说法正确的是？','{"questionId":"common-hist-water","knowledgeId":"hist-water","type":"single_choice","stem":"关于“水浒传”，下列说法正确的是？","options":[{"id":"A","text":"元朝在地方实行行省制度，对后世地方行政制度影响深远。"},{"id":"B","text":"儒家学派的创始人是孔子。"},{"id":"C","text":"《水浒传》的作者通常署为施耐庵。"},{"id":"D","text":"杜甫被后人称为“诗圣”。"}]}'::jsonb,'"C"'::jsonb,'{"summary":"《水浒传》的作者通常署为施耐庵。","whyCorrect":"“水浒传”的正确表述是：《水浒传》的作者通常署为施耐庵。 依据：中国古典小说通识。","whyUserAnswerWrong":"干扰项混淆了相近概念、条件或对应关系，应回到准确表述判断。","commonMistake":"注意区分“水浒传”的适用条件与相近常识。","memoryTip":"《水浒传》施耐庵。"}',4,true,1),('common-hist-journey','hist-journey','common-4','single_choice','关于“西游记”，下列说法正确的是？','{"questionId":"common-hist-journey","knowledgeId":"hist-journey","type":"single_choice","stem":"关于“西游记”，下列说法正确的是？","options":[{"id":"A","text":"道家学派代表人物包括老子和庄子。"},{"id":"B","text":"《西游记》的作者通常署为吴承恩。"},{"id":"C","text":"郑和下西洋发生在明朝前期。"},{"id":"D","text":"《红楼梦》的作者通常署为曹雪芹。"}]}'::jsonb,'"B"'::jsonb,'{"summary":"《西游记》的作者通常署为吴承恩。","whyCorrect":"“西游记”的正确表述是：《西游记》的作者通常署为吴承恩。 依据：中国古典小说通识。","whyUserAnswerWrong":"干扰项混淆了相近概念、条件或对应关系，应回到准确表述判断。","commonMistake":"注意区分“西游记”的适用条件与相近常识。","memoryTip":"《西游记》吴承恩。"}',5,true,1),('common-science-water','science-water','common-4','single_choice','关于“水的化学式”，下列说法正确的是？','{"questionId":"common-science-water","knowledgeId":"science-water","type":"single_choice","stem":"关于“水的化学式”，下列说法正确的是？","options":[{"id":"A","text":"发生火灾时应优先选择安全疏散，不乘坐普通电梯逃生。"},{"id":"B","text":"地球四季变化与地轴倾斜和地球绕太阳公转有关。"},{"id":"C","text":"力可以改变物体的运动状态，也可以使物体发生形变。"},{"id":"D","text":"水的化学式是H₂O。"}]}'::jsonb,'"D"'::jsonb,'{"summary":"水的化学式是H₂O。","whyCorrect":"“水的化学式”的正确表述是：水的化学式是H₂O。 依据：基础化学常识。","whyUserAnswerWrong":"干扰项混淆了相近概念、条件或对应关系，应回到准确表述判断。","commonMistake":"注意区分“水的化学式”的适用条件与相近常识。","memoryTip":"两个氢原子、一个氧原子。"}',1,true,1),('common-science-air','science-air','common-4','single_choice','关于“空气成分”，下列说法正确的是？','{"questionId":"common-science-air","knowledgeId":"science-air","type":"single_choice","stem":"关于“空气成分”，下列说法正确的是？","options":[{"id":"A","text":"水的化学式是H₂O。"},{"id":"B","text":"干燥空气中体积分数最大的成分是氮气。"},{"id":"C","text":"串联电路中各处电流相等。"},{"id":"D","text":"平流层臭氧层能吸收部分太阳紫外线。"}]}'::jsonb,'"B"'::jsonb,'{"summary":"干燥空气中体积分数最大的成分是氮气。","whyCorrect":"“空气成分”的正确表述是：干燥空气中体积分数最大的成分是氮气。 依据：基础化学常识。","whyUserAnswerWrong":"干扰项混淆了相近概念、条件或对应关系，应回到准确表述判断。","commonMistake":"注意区分“空气成分”的适用条件与相近常识。","memoryTip":"空气最多的是氮气。"}',2,true,1),('common-science-light','science-light','common-4','single_choice','关于“光合作用”，下列说法正确的是？','{"questionId":"common-science-light","knowledgeId":"science-light","type":"single_choice","stem":"关于“光合作用”，下列说法正确的是？","options":[{"id":"A","text":"二氧化碳是重要的温室气体之一。"},{"id":"B","text":"干燥空气中体积分数最大的成分是氮气。"},{"id":"C","text":"绿色植物通过光合作用利用光能，把二氧化碳和水转化为有机物，并释放氧气。"},{"id":"D","text":"并联电路中各支路两端电压相等。"}]}'::jsonb,'"C"'::jsonb,'{"summary":"绿色植物通过光合作用利用光能，把二氧化碳和水转化为有机物，并释放氧气。","whyCorrect":"“光合作用”的正确表述是：绿色植物通过光合作用利用光能，把二氧化碳和水转化为有机物，并释放氧气。 依据：基础生物学常识。","whyUserAnswerWrong":"干扰项混淆了相近概念、条件或对应关系，应回到准确表述判断。","commonMistake":"注意区分“光合作用”的适用条件与相近常识。","memoryTip":"光合：二氧化碳和水，产物有氧气。"}',3,true,1),('common-science-respiration','science-respiration','common-4','single_choice','关于“呼吸作用”，下列说法正确的是？','{"questionId":"common-science-respiration","knowledgeId":"science-respiration","type":"single_choice","stem":"关于“呼吸作用”，下列说法正确的是？","options":[{"id":"A","text":"生物呼吸作用会分解有机物并释放能量。"},{"id":"B","text":"可燃物燃烧通常需要与氧气接触并达到着火点。"},{"id":"C","text":"绿色植物通过光合作用利用光能，把二氧化碳和水转化为有机物，并释放氧气。"},{"id":"D","text":"金属通常是良好的导体，因为其中有可以自由移动的电子。"}]}'::jsonb,'"A"'::jsonb,'{"summary":"生物呼吸作用会分解有机物并释放能量。","whyCorrect":"“呼吸作用”的正确表述是：生物呼吸作用会分解有机物并释放能量。 依据：基础生物学常识。","whyUserAnswerWrong":"干扰项混淆了相近概念、条件或对应关系，应回到准确表述判断。","commonMistake":"注意区分“呼吸作用”的适用条件与相近常识。","memoryTip":"呼吸作用释放能量。"}',4,true,1),('common-science-cell','science-cell','common-4','single_choice','关于“细胞”，下列说法正确的是？','{"questionId":"common-science-cell","knowledgeId":"science-cell","type":"single_choice","stem":"关于“细胞”，下列说法正确的是？","options":[{"id":"A","text":"细胞是构成生物体结构和功能的基本单位。"},{"id":"B","text":"生物呼吸作用会分解有机物并释放能量。"},{"id":"C","text":"声音传播需要介质，真空中不能传声。"},{"id":"D","text":"pH小于7的溶液通常呈酸性，pH大于7的溶液通常呈碱性。"}]}'::jsonb,'"A"'::jsonb,'{"summary":"细胞是构成生物体结构和功能的基本单位。","whyCorrect":"“细胞”的正确表述是：细胞是构成生物体结构和功能的基本单位。 依据：基础生物学常识。","whyUserAnswerWrong":"干扰项混淆了相近概念、条件或对应关系，应回到准确表述判断。","commonMistake":"注意区分“细胞”的适用条件与相近常识。","memoryTip":"细胞是生命基本单位。"}',5,true,1),('common-science-dna','science-dna','common-4','single_choice','关于“遗传物质”，下列说法正确的是？','{"questionId":"common-science-dna","knowledgeId":"science-dna","type":"single_choice","stem":"关于“遗传物质”，下列说法正确的是？","options":[{"id":"A","text":"细胞是构成生物体结构和功能的基本单位。"},{"id":"B","text":"废纸、塑料、金属和玻璃等适宜回收利用的生活废弃物属于可回收物。"},{"id":"C","text":"月相变化主要是由于月球绕地球运动时日、地、月三者相对位置不断改变。"},{"id":"D","text":"DNA是主要的遗传物质。"}]}'::jsonb,'"D"'::jsonb,'{"summary":"DNA是主要的遗传物质。","whyCorrect":"“遗传物质”的正确表述是：DNA是主要的遗传物质。 依据：基础生物学常识。","whyUserAnswerWrong":"干扰项混淆了相近概念、条件或对应关系，应回到准确表述判断。","commonMistake":"注意区分“遗传物质”的适用条件与相近常识。","memoryTip":"DNA承载遗传信息。"}',1,true,1),('common-science-virus','science-virus','common-4','single_choice','关于“病毒”，下列说法正确的是？','{"questionId":"common-science-virus","knowledgeId":"science-virus","type":"single_choice","stem":"关于“病毒”，下列说法正确的是？","options":[{"id":"A","text":"太阳是太阳系的中心天体。"},{"id":"B","text":"病毒不能独立完成生命活动，必须寄生在活细胞内。"},{"id":"C","text":"DNA是主要的遗传物质。"},{"id":"D","text":"发现无反应且无正常呼吸者，应在确保环境安全后尽快呼救并实施心肺复苏。"}]}'::jsonb,'"B"'::jsonb,'{"summary":"病毒不能独立完成生命活动，必须寄生在活细胞内。","whyCorrect":"“病毒”的正确表述是：病毒不能独立完成生命活动，必须寄生在活细胞内。 依据：基础生物学常识。","whyUserAnswerWrong":"干扰项混淆了相近概念、条件或对应关系，应回到准确表述判断。","commonMistake":"注意区分“病毒”的适用条件与相近常识。","memoryTip":"病毒离不开活细胞。"}',2,true,1),('common-science-vaccine','science-vaccine','common-4','single_choice','关于“疫苗”，下列说法正确的是？','{"questionId":"common-science-vaccine","knowledgeId":"science-vaccine","type":"single_choice","stem":"关于“疫苗”，下列说法正确的是？","options":[{"id":"A","text":"疫苗通过激发人体免疫反应，帮助机体获得针对特定病原体的保护。"},{"id":"B","text":"地球四季变化与地轴倾斜和地球绕太阳公转有关。"},{"id":"C","text":"发生火灾时应优先选择安全疏散，不乘坐普通电梯逃生。"},{"id":"D","text":"病毒不能独立完成生命活动，必须寄生在活细胞内。"}]}'::jsonb,'"A"'::jsonb,'{"summary":"疫苗通过激发人体免疫反应，帮助机体获得针对特定病原体的保护。","whyCorrect":"“疫苗”的正确表述是：疫苗通过激发人体免疫反应，帮助机体获得针对特定病原体的保护。 依据：公共卫生常识。","whyUserAnswerWrong":"干扰项混淆了相近概念、条件或对应关系，应回到准确表述判断。","commonMistake":"注意区分“疫苗”的适用条件与相近常识。","memoryTip":"疫苗训练免疫系统。"}',3,true,1),('common-science-gravity','science-gravity','common-4','single_choice','关于“重力”，下列说法正确的是？','{"questionId":"common-science-gravity","knowledgeId":"science-gravity","type":"single_choice","stem":"关于“重力”，下列说法正确的是？","options":[{"id":"A","text":"水的化学式是H₂O。"},{"id":"B","text":"平流层臭氧层能吸收部分太阳紫外线。"},{"id":"C","text":"疫苗通过激发人体免疫反应，帮助机体获得针对特定病原体的保护。"},{"id":"D","text":"地球附近物体受到的重力方向大致竖直向下。"}]}'::jsonb,'"D"'::jsonb,'{"summary":"地球附近物体受到的重力方向大致竖直向下。","whyCorrect":"“重力”的正确表述是：地球附近物体受到的重力方向大致竖直向下。 依据：基础物理常识。","whyUserAnswerWrong":"干扰项混淆了相近概念、条件或对应关系，应回到准确表述判断。","commonMistake":"注意区分“重力”的适用条件与相近常识。","memoryTip":"重力方向竖直向下。"}',4,true,1),('common-science-inertia','science-inertia','common-4','single_choice','关于“惯性”，下列说法正确的是？','{"questionId":"common-science-inertia","knowledgeId":"science-inertia","type":"single_choice","stem":"关于“惯性”，下列说法正确的是？","options":[{"id":"A","text":"地球附近物体受到的重力方向大致竖直向下。"},{"id":"B","text":"二氧化碳是重要的温室气体之一。"},{"id":"C","text":"物体保持原来运动状态不变的性质叫惯性。"},{"id":"D","text":"干燥空气中体积分数最大的成分是氮气。"}]}'::jsonb,'"C"'::jsonb,'{"summary":"物体保持原来运动状态不变的性质叫惯性。","whyCorrect":"“惯性”的正确表述是：物体保持原来运动状态不变的性质叫惯性。 依据：基础物理常识。","whyUserAnswerWrong":"干扰项混淆了相近概念、条件或对应关系，应回到准确表述判断。","commonMistake":"注意区分“惯性”的适用条件与相近常识。","memoryTip":"惯性不是力，是性质。"}',5,true,1),('common-science-force','science-force','common-5','single_choice','关于“力的作用效果”，下列说法正确的是？','{"questionId":"common-science-force","knowledgeId":"science-force","type":"single_choice","stem":"关于“力的作用效果”，下列说法正确的是？","options":[{"id":"A","text":"力可以改变物体的运动状态，也可以使物体发生形变。"},{"id":"B","text":"可燃物燃烧通常需要与氧气接触并达到着火点。"},{"id":"C","text":"物体保持原来运动状态不变的性质叫惯性。"},{"id":"D","text":"绿色植物通过光合作用利用光能，把二氧化碳和水转化为有机物，并释放氧气。"}]}'::jsonb,'"A"'::jsonb,'{"summary":"力可以改变物体的运动状态，也可以使物体发生形变。","whyCorrect":"“力的作用效果”的正确表述是：力可以改变物体的运动状态，也可以使物体发生形变。 依据：基础物理常识。","whyUserAnswerWrong":"干扰项混淆了相近概念、条件或对应关系，应回到准确表述判断。","commonMistake":"注意区分“力的作用效果”的适用条件与相近常识。","memoryTip":"力改运动或改形状。"}',1,true,1),('common-science-electric','science-electric','common-5','single_choice','关于“串联电路”，下列说法正确的是？','{"questionId":"common-science-electric","knowledgeId":"science-electric","type":"single_choice","stem":"关于“串联电路”，下列说法正确的是？","options":[{"id":"A","text":"力可以改变物体的运动状态，也可以使物体发生形变。"},{"id":"B","text":"串联电路中各处电流相等。"},{"id":"C","text":"生物呼吸作用会分解有机物并释放能量。"},{"id":"D","text":"pH小于7的溶液通常呈酸性，pH大于7的溶液通常呈碱性。"}]}'::jsonb,'"B"'::jsonb,'{"summary":"串联电路中各处电流相等。","whyCorrect":"“串联电路”的正确表述是：串联电路中各处电流相等。 依据：基础物理常识。","whyUserAnswerWrong":"干扰项混淆了相近概念、条件或对应关系，应回到准确表述判断。","commonMistake":"注意区分“串联电路”的适用条件与相近常识。","memoryTip":"串联电流处处相等。"}',2,true,1),('common-science-parallel','science-parallel','common-5','single_choice','关于“并联电路”，下列说法正确的是？','{"questionId":"common-science-parallel","knowledgeId":"science-parallel","type":"single_choice","stem":"关于“并联电路”，下列说法正确的是？","options":[{"id":"A","text":"废纸、塑料、金属和玻璃等适宜回收利用的生活废弃物属于可回收物。"},{"id":"B","text":"串联电路中各处电流相等。"},{"id":"C","text":"细胞是构成生物体结构和功能的基本单位。"},{"id":"D","text":"并联电路中各支路两端电压相等。"}]}'::jsonb,'"D"'::jsonb,'{"summary":"并联电路中各支路两端电压相等。","whyCorrect":"“并联电路”的正确表述是：并联电路中各支路两端电压相等。 依据：基础物理常识。","whyUserAnswerWrong":"干扰项混淆了相近概念、条件或对应关系，应回到准确表述判断。","commonMistake":"注意区分“并联电路”的适用条件与相近常识。","memoryTip":"并联电压相等。"}',3,true,1),('common-science-conductor','science-conductor','common-5','single_choice','关于“导体”，下列说法正确的是？','{"questionId":"common-science-conductor","knowledgeId":"science-conductor","type":"single_choice","stem":"关于“导体”，下列说法正确的是？","options":[{"id":"A","text":"发现无反应且无正常呼吸者，应在确保环境安全后尽快呼救并实施心肺复苏。"},{"id":"B","text":"金属通常是良好的导体，因为其中有可以自由移动的电子。"},{"id":"C","text":"DNA是主要的遗传物质。"},{"id":"D","text":"并联电路中各支路两端电压相等。"}]}'::jsonb,'"B"'::jsonb,'{"summary":"金属通常是良好的导体，因为其中有可以自由移动的电子。","whyCorrect":"“导体”的正确表述是：金属通常是良好的导体，因为其中有可以自由移动的电子。 依据：基础物理常识。","whyUserAnswerWrong":"干扰项混淆了相近概念、条件或对应关系，应回到准确表述判断。","commonMistake":"注意区分“导体”的适用条件与相近常识。","memoryTip":"金属常导电。"}',4,true,1),('common-science-sound','science-sound','common-5','single_choice','关于“声音传播”，下列说法正确的是？','{"questionId":"common-science-sound","knowledgeId":"science-sound","type":"single_choice","stem":"关于“声音传播”，下列说法正确的是？","options":[{"id":"A","text":"发生火灾时应优先选择安全疏散，不乘坐普通电梯逃生。"},{"id":"B","text":"金属通常是良好的导体，因为其中有可以自由移动的电子。"},{"id":"C","text":"声音传播需要介质，真空中不能传声。"},{"id":"D","text":"病毒不能独立完成生命活动，必须寄生在活细胞内。"}]}'::jsonb,'"C"'::jsonb,'{"summary":"声音传播需要介质，真空中不能传声。","whyCorrect":"“声音传播”的正确表述是：声音传播需要介质，真空中不能传声。 依据：基础物理常识。","whyUserAnswerWrong":"干扰项混淆了相近概念、条件或对应关系，应回到准确表述判断。","commonMistake":"注意区分“声音传播”的适用条件与相近常识。","memoryTip":"真空不能传声。"}',5,true,1),('common-science-moon','science-moon','common-5','single_choice','关于“月相”，下列说法正确的是？','{"questionId":"common-science-moon","knowledgeId":"science-moon","type":"single_choice","stem":"关于“月相”，下列说法正确的是？","options":[{"id":"A","text":"月相变化主要是由于月球绕地球运动时日、地、月三者相对位置不断改变。"},{"id":"B","text":"水的化学式是H₂O。"},{"id":"C","text":"疫苗通过激发人体免疫反应，帮助机体获得针对特定病原体的保护。"},{"id":"D","text":"声音传播需要介质，真空中不能传声。"}]}'::jsonb,'"A"'::jsonb,'{"summary":"月相变化主要是由于月球绕地球运动时日、地、月三者相对位置不断改变。","whyCorrect":"“月相”的正确表述是：月相变化主要是由于月球绕地球运动时日、地、月三者相对位置不断改变。 依据：天文常识。","whyUserAnswerWrong":"干扰项混淆了相近概念、条件或对应关系，应回到准确表述判断。","commonMistake":"注意区分“月相”的适用条件与相近常识。","memoryTip":"月相由相对位置变化造成。"}',1,true,1),('common-science-solar','science-solar','common-5','single_choice','关于“太阳系”，下列说法正确的是？','{"questionId":"common-science-solar","knowledgeId":"science-solar","type":"single_choice","stem":"关于“太阳系”，下列说法正确的是？","options":[{"id":"A","text":"太阳是太阳系的中心天体。"},{"id":"B","text":"干燥空气中体积分数最大的成分是氮气。"},{"id":"C","text":"月相变化主要是由于月球绕地球运动时日、地、月三者相对位置不断改变。"},{"id":"D","text":"地球附近物体受到的重力方向大致竖直向下。"}]}'::jsonb,'"A"'::jsonb,'{"summary":"太阳是太阳系的中心天体。","whyCorrect":"“太阳系”的正确表述是：太阳是太阳系的中心天体。 依据：天文常识。","whyUserAnswerWrong":"干扰项混淆了相近概念、条件或对应关系，应回到准确表述判断。","commonMistake":"注意区分“太阳系”的适用条件与相近常识。","memoryTip":"太阳系中心是太阳。"}',2,true,1),('common-science-seasons','science-seasons','common-5','single_choice','关于“四季成因”，下列说法正确的是？','{"questionId":"common-science-seasons","knowledgeId":"science-seasons","type":"single_choice","stem":"关于“四季成因”，下列说法正确的是？","options":[{"id":"A","text":"物体保持原来运动状态不变的性质叫惯性。"},{"id":"B","text":"绿色植物通过光合作用利用光能，把二氧化碳和水转化为有机物，并释放氧气。"},{"id":"C","text":"太阳是太阳系的中心天体。"},{"id":"D","text":"地球四季变化与地轴倾斜和地球绕太阳公转有关。"}]}'::jsonb,'"D"'::jsonb,'{"summary":"地球四季变化与地轴倾斜和地球绕太阳公转有关。","whyCorrect":"“四季成因”的正确表述是：地球四季变化与地轴倾斜和地球绕太阳公转有关。 依据：地球科学常识。","whyUserAnswerWrong":"干扰项混淆了相近概念、条件或对应关系，应回到准确表述判断。","commonMistake":"注意区分“四季成因”的适用条件与相近常识。","memoryTip":"地轴倾斜加公转带来四季。"}',3,true,1),('common-science-ozone','science-ozone','common-5','single_choice','关于“臭氧层”，下列说法正确的是？','{"questionId":"common-science-ozone","knowledgeId":"science-ozone","type":"single_choice","stem":"关于“臭氧层”，下列说法正确的是？","options":[{"id":"A","text":"地球四季变化与地轴倾斜和地球绕太阳公转有关。"},{"id":"B","text":"平流层臭氧层能吸收部分太阳紫外线。"},{"id":"C","text":"力可以改变物体的运动状态，也可以使物体发生形变。"},{"id":"D","text":"生物呼吸作用会分解有机物并释放能量。"}]}'::jsonb,'"B"'::jsonb,'{"summary":"平流层臭氧层能吸收部分太阳紫外线。","whyCorrect":"“臭氧层”的正确表述是：平流层臭氧层能吸收部分太阳紫外线。 依据：地球科学常识。","whyUserAnswerWrong":"干扰项混淆了相近概念、条件或对应关系，应回到准确表述判断。","commonMistake":"注意区分“臭氧层”的适用条件与相近常识。","memoryTip":"臭氧层吸收紫外线。"}',4,true,1),('common-science-greenhouse','science-greenhouse','common-5','single_choice','关于“温室气体”，下列说法正确的是？','{"questionId":"common-science-greenhouse","knowledgeId":"science-greenhouse","type":"single_choice","stem":"关于“温室气体”，下列说法正确的是？","options":[{"id":"A","text":"二氧化碳是重要的温室气体之一。"},{"id":"B","text":"细胞是构成生物体结构和功能的基本单位。"},{"id":"C","text":"串联电路中各处电流相等。"},{"id":"D","text":"平流层臭氧层能吸收部分太阳紫外线。"}]}'::jsonb,'"A"'::jsonb,'{"summary":"二氧化碳是重要的温室气体之一。","whyCorrect":"“温室气体”的正确表述是：二氧化碳是重要的温室气体之一。 依据：气候科学常识。","whyUserAnswerWrong":"干扰项混淆了相近概念、条件或对应关系，应回到准确表述判断。","commonMistake":"注意区分“温室气体”的适用条件与相近常识。","memoryTip":"二氧化碳属于温室气体。"}',5,true,1),('common-science-burn','science-burn','common-5','single_choice','关于“燃烧条件”，下列说法正确的是？','{"questionId":"common-science-burn","knowledgeId":"science-burn","type":"single_choice","stem":"关于“燃烧条件”，下列说法正确的是？","options":[{"id":"A","text":"二氧化碳是重要的温室气体之一。"},{"id":"B","text":"并联电路中各支路两端电压相等。"},{"id":"C","text":"DNA是主要的遗传物质。"},{"id":"D","text":"可燃物燃烧通常需要与氧气接触并达到着火点。"}]}'::jsonb,'"D"'::jsonb,'{"summary":"可燃物燃烧通常需要与氧气接触并达到着火点。","whyCorrect":"“燃烧条件”的正确表述是：可燃物燃烧通常需要与氧气接触并达到着火点。 依据：生活化学常识。","whyUserAnswerWrong":"干扰项混淆了相近概念、条件或对应关系，应回到准确表述判断。","commonMistake":"注意区分“燃烧条件”的适用条件与相近常识。","memoryTip":"可燃物、氧气、着火点。"}',1,true,1),('common-science-acidbase','science-acidbase','common-5','single_choice','关于“酸碱性”，下列说法正确的是？','{"questionId":"common-science-acidbase","knowledgeId":"science-acidbase","type":"single_choice","stem":"关于“酸碱性”，下列说法正确的是？","options":[{"id":"A","text":"金属通常是良好的导体，因为其中有可以自由移动的电子。"},{"id":"B","text":"病毒不能独立完成生命活动，必须寄生在活细胞内。"},{"id":"C","text":"pH小于7的溶液通常呈酸性，pH大于7的溶液通常呈碱性。"},{"id":"D","text":"可燃物燃烧通常需要与氧气接触并达到着火点。"}]}'::jsonb,'"C"'::jsonb,'{"summary":"pH小于7的溶液通常呈酸性，pH大于7的溶液通常呈碱性。","whyCorrect":"“酸碱性”的正确表述是：pH小于7的溶液通常呈酸性，pH大于7的溶液通常呈碱性。 依据：基础化学常识。","whyUserAnswerWrong":"干扰项混淆了相近概念、条件或对应关系，应回到准确表述判断。","commonMistake":"注意区分“酸碱性”的适用条件与相近常识。","memoryTip":"pH 7为中性参照。"}',2,true,1),('common-science-recycle','science-recycle','common-5','single_choice','关于“可回收物”，下列说法正确的是？','{"questionId":"common-science-recycle","knowledgeId":"science-recycle","type":"single_choice","stem":"关于“可回收物”，下列说法正确的是？","options":[{"id":"A","text":"废纸、塑料、金属和玻璃等适宜回收利用的生活废弃物属于可回收物。"},{"id":"B","text":"疫苗通过激发人体免疫反应，帮助机体获得针对特定病原体的保护。"},{"id":"C","text":"pH小于7的溶液通常呈酸性，pH大于7的溶液通常呈碱性。"},{"id":"D","text":"声音传播需要介质，真空中不能传声。"}]}'::jsonb,'"A"'::jsonb,'{"summary":"废纸、塑料、金属和玻璃等适宜回收利用的生活废弃物属于可回收物。","whyCorrect":"“可回收物”的正确表述是：废纸、塑料、金属和玻璃等适宜回收利用的生活废弃物属于可回收物。 依据：生活垃圾分类常识。","whyUserAnswerWrong":"干扰项混淆了相近概念、条件或对应关系，应回到准确表述判断。","commonMistake":"注意区分“可回收物”的适用条件与相近常识。","memoryTip":"纸塑金属玻璃可回收。"}',3,true,1),('common-science-firstaid','science-firstaid','common-5','single_choice','关于“心肺复苏”，下列说法正确的是？','{"questionId":"common-science-firstaid","knowledgeId":"science-firstaid","type":"single_choice","stem":"关于“心肺复苏”，下列说法正确的是？","options":[{"id":"A","text":"废纸、塑料、金属和玻璃等适宜回收利用的生活废弃物属于可回收物。"},{"id":"B","text":"发现无反应且无正常呼吸者，应在确保环境安全后尽快呼救并实施心肺复苏。"},{"id":"C","text":"地球附近物体受到的重力方向大致竖直向下。"},{"id":"D","text":"月相变化主要是由于月球绕地球运动时日、地、月三者相对位置不断改变。"}]}'::jsonb,'"B"'::jsonb,'{"summary":"发现无反应且无正常呼吸者，应在确保环境安全后尽快呼救并实施心肺复苏。","whyCorrect":"“心肺复苏”的正确表述是：发现无反应且无正常呼吸者，应在确保环境安全后尽快呼救并实施心肺复苏。 依据：急救常识。","whyUserAnswerWrong":"干扰项混淆了相近概念、条件或对应关系，应回到准确表述判断。","commonMistake":"注意区分“心肺复苏”的适用条件与相近常识。","memoryTip":"先安全、呼救，再尽快施救。"}',4,true,1),('common-science-fire','science-fire','common-5','single_choice','关于“火灾逃生”，下列说法正确的是？','{"questionId":"common-science-fire","knowledgeId":"science-fire","type":"single_choice","stem":"关于“火灾逃生”，下列说法正确的是？","options":[{"id":"A","text":"太阳是太阳系的中心天体。"},{"id":"B","text":"发现无反应且无正常呼吸者，应在确保环境安全后尽快呼救并实施心肺复苏。"},{"id":"C","text":"物体保持原来运动状态不变的性质叫惯性。"},{"id":"D","text":"发生火灾时应优先选择安全疏散，不乘坐普通电梯逃生。"}]}'::jsonb,'"D"'::jsonb,'{"summary":"发生火灾时应优先选择安全疏散，不乘坐普通电梯逃生。","whyCorrect":"“火灾逃生”的正确表述是：发生火灾时应优先选择安全疏散，不乘坐普通电梯逃生。 依据：消防安全常识。","whyUserAnswerWrong":"干扰项混淆了相近概念、条件或对应关系，应回到准确表述判断。","commonMistake":"注意区分“火灾逃生”的适用条件与相近常识。","memoryTip":"火灾逃生不乘普通电梯。"}',5,true,1) on conflict (id) do update set knowledge_id=excluded.knowledge_id,level_id=excluded.level_id,question_type=excluded.question_type,stem=excluded.stem,options=excluded.options,correct_answer=excluded.correct_answer,explanation=excluded.explanation,difficulty=excluded.difficulty,published=excluded.published,version=excluded.version;

insert into public.questions (id,knowledge_id,level_id,question_type,stem,options,correct_answer,explanation,difficulty,published,version) values ('common-geo-capital','geo-capital','common-boss','single_choice','关于“首都”，下列说法正确的是？','{"questionId":"common-geo-capital","knowledgeId":"geo-capital","type":"single_choice","stem":"关于“首都”，下列说法正确的是？","options":[{"id":"A","text":"中国陆地国土面积约960万平方千米。"},{"id":"B","text":"西藏自治区的首府是拉萨。"},{"id":"C","text":"中华人民共和国首都是北京。"},{"id":"D","text":"珠穆朗玛峰是世界最高峰，位于中国与尼泊尔边境。"}]}'::jsonb,'"C"'::jsonb,'{"summary":"中华人民共和国首都是北京。","whyCorrect":"“首都”的正确表述是：中华人民共和国首都是北京。 依据：中国地理通识。","whyUserAnswerWrong":"干扰项混淆了相近概念、条件或对应关系，应回到准确表述判断。","commonMistake":"注意区分“首都”的适用条件与相近常识。","memoryTip":"首都是北京。"}',1,true,1),('common-geo-area','geo-area','common-boss','single_choice','关于“陆地面积”，下列说法正确的是？','{"questionId":"common-geo-area","knowledgeId":"geo-area","type":"single_choice","stem":"关于“陆地面积”，下列说法正确的是？","options":[{"id":"A","text":"新疆维吾尔自治区的首府是乌鲁木齐。"},{"id":"B","text":"中国陆地国土面积约960万平方千米。"},{"id":"C","text":"中国位于亚洲东部、太平洋西岸。"},{"id":"D","text":"中国东部地区受季风影响显著，夏季普遍高温多雨。"}]}'::jsonb,'"B"'::jsonb,'{"summary":"中国陆地国土面积约960万平方千米。","whyCorrect":"“陆地面积”的正确表述是：中国陆地国土面积约960万平方千米。 依据：中国地理通识。","whyUserAnswerWrong":"干扰项混淆了相近概念、条件或对应关系，应回到准确表述判断。","commonMistake":"注意区分“陆地面积”的适用条件与相近常识。","memoryTip":"约960万平方千米。"}',2,true,1),('common-geo-coast','geo-coast','common-boss','single_choice','关于“海陆位置”，下列说法正确的是？','{"questionId":"common-geo-coast","knowledgeId":"geo-coast","type":"single_choice","stem":"关于“海陆位置”，下列说法正确的是？","options":[{"id":"A","text":"大兴安岭—阴山—贺兰山一线大致是中国季风区与非季风区的分界线。"},{"id":"B","text":"广西壮族自治区的首府是南宁。"},{"id":"C","text":"中国位于亚洲东部、太平洋西岸。"},{"id":"D","text":"中国陆地边界与14个国家相接。"}]}'::jsonb,'"C"'::jsonb,'{"summary":"中国位于亚洲东部、太平洋西岸。","whyCorrect":"“海陆位置”的正确表述是：中国位于亚洲东部、太平洋西岸。 依据：中国地理通识。","whyUserAnswerWrong":"干扰项混淆了相近概念、条件或对应关系，应回到准确表述判断。","commonMistake":"注意区分“海陆位置”的适用条件与相近常识。","memoryTip":"亚洲东部、太平洋西岸。"}',3,true,1),('common-geo-neighbors','geo-neighbors','common-boss','single_choice','关于“陆地邻国”，下列说法正确的是？','{"questionId":"common-geo-neighbors","knowledgeId":"geo-neighbors","type":"single_choice","stem":"关于“陆地邻国”，下列说法正确的是？","options":[{"id":"A","text":"中国有34个省级行政区，包括省、自治区、直辖市和特别行政区。"},{"id":"B","text":"黑河—腾冲一线常被称为中国人口地理分界线。"},{"id":"C","text":"宁夏回族自治区的首府是银川。"},{"id":"D","text":"中国陆地边界与14个国家相接。"}]}'::jsonb,'"D"'::jsonb,'{"summary":"中国陆地边界与14个国家相接。","whyCorrect":"“陆地邻国”的正确表述是：中国陆地边界与14个国家相接。 依据：中国地理通识。","whyUserAnswerWrong":"干扰项混淆了相近概念、条件或对应关系，应回到准确表述判断。","commonMistake":"注意区分“陆地邻国”的适用条件与相近常识。","memoryTip":"陆地邻国14个。"}',4,true,1),('common-geo-provinces','geo-provinces','common-boss','single_choice','关于“省级行政区”，下列说法正确的是？','{"questionId":"common-geo-provinces","knowledgeId":"geo-provinces","type":"single_choice","stem":"关于“省级行政区”，下列说法正确的是？","options":[{"id":"A","text":"内蒙古自治区的首府是呼和浩特。"},{"id":"B","text":"长江是中国第一大河，发源于青藏高原。"},{"id":"C","text":"秦岭—淮河一线是中国重要的南北地理分界线。"},{"id":"D","text":"中国有34个省级行政区，包括省、自治区、直辖市和特别行政区。"}]}'::jsonb,'"D"'::jsonb,'{"summary":"中国有34个省级行政区，包括省、自治区、直辖市和特别行政区。","whyCorrect":"“省级行政区”的正确表述是：中国有34个省级行政区，包括省、自治区、直辖市和特别行政区。 依据：中国地理通识。","whyUserAnswerWrong":"干扰项混淆了相近概念、条件或对应关系，应回到准确表述判断。","commonMistake":"注意区分“省级行政区”的适用条件与相近常识。","memoryTip":"34个省级行政区。"}',5,true,1),('common-geo-river','geo-river','common-boss','single_choice','关于“长江”，下列说法正确的是？','{"questionId":"common-geo-river","knowledgeId":"geo-river","type":"single_choice","stem":"关于“长江”，下列说法正确的是？","options":[{"id":"A","text":"秦岭—淮河以南地区耕地以水田为主，粮食作物以水稻为主。"},{"id":"B","text":"长江是中国第一大河，发源于青藏高原。"},{"id":"C","text":"香港特别行政区位于珠江口东侧。"},{"id":"D","text":"黄河发源于青藏高原，是中华民族的母亲河之一。"}]}'::jsonb,'"B"'::jsonb,'{"summary":"长江是中国第一大河，发源于青藏高原。","whyCorrect":"“长江”的正确表述是：长江是中国第一大河，发源于青藏高原。 依据：中国地理通识。","whyUserAnswerWrong":"干扰项混淆了相近概念、条件或对应关系，应回到准确表述判断。","commonMistake":"注意区分“长江”的适用条件与相近常识。","memoryTip":"长江源于青藏高原。"}',1,true,1),('common-geo-yellow','geo-yellow','common-boss','single_choice','关于“黄河”，下列说法正确的是？','{"questionId":"common-geo-yellow","knowledgeId":"geo-yellow","type":"single_choice","stem":"关于“黄河”，下列说法正确的是？","options":[{"id":"A","text":"青藏高原平均海拔高，被称为“世界屋脊”。"},{"id":"B","text":"澳门特别行政区位于珠江口西侧。"},{"id":"C","text":"秦岭—淮河以北地区耕地以旱地为主，粮食作物以小麦为主。"},{"id":"D","text":"黄河发源于青藏高原，是中华民族的母亲河之一。"}]}'::jsonb,'"D"'::jsonb,'{"summary":"黄河发源于青藏高原，是中华民族的母亲河之一。","whyCorrect":"“黄河”的正确表述是：黄河发源于青藏高原，是中华民族的母亲河之一。 依据：中国地理通识。","whyUserAnswerWrong":"干扰项混淆了相近概念、条件或对应关系，应回到准确表述判断。","commonMistake":"注意区分“黄河”的适用条件与相近常识。","memoryTip":"黄河也源于青藏高原。"}',2,true,1),('common-geo-plateau','geo-plateau','common-boss','single_choice','关于“青藏高原”，下列说法正确的是？','{"questionId":"common-geo-plateau","knowledgeId":"geo-plateau","type":"single_choice","stem":"关于“青藏高原”，下列说法正确的是？","options":[{"id":"A","text":"青藏高原平均海拔高，被称为“世界屋脊”。"},{"id":"B","text":"塔里木盆地是中国面积最大的盆地。"},{"id":"C","text":"中华人民共和国首都是北京。"},{"id":"D","text":"西藏自治区的首府是拉萨。"}]}'::jsonb,'"A"'::jsonb,'{"summary":"青藏高原平均海拔高，被称为“世界屋脊”。","whyCorrect":"“青藏高原”的正确表述是：青藏高原平均海拔高，被称为“世界屋脊”。 依据：中国地理通识。","whyUserAnswerWrong":"干扰项混淆了相近概念、条件或对应关系，应回到准确表述判断。","commonMistake":"注意区分“青藏高原”的适用条件与相近常识。","memoryTip":"世界屋脊是青藏高原。"}',3,true,1),('common-geo-basin','geo-basin','common-boss','single_choice','关于“塔里木盆地”，下列说法正确的是？','{"questionId":"common-geo-basin","knowledgeId":"geo-basin","type":"single_choice","stem":"关于“塔里木盆地”，下列说法正确的是？","options":[{"id":"A","text":"塔里木盆地是中国面积最大的盆地。"},{"id":"B","text":"中国陆地国土面积约960万平方千米。"},{"id":"C","text":"新疆维吾尔自治区的首府是乌鲁木齐。"},{"id":"D","text":"塔克拉玛干沙漠位于塔里木盆地内，是中国最大的沙漠。"}]}'::jsonb,'"A"'::jsonb,'{"summary":"塔里木盆地是中国面积最大的盆地。","whyCorrect":"“塔里木盆地”的正确表述是：塔里木盆地是中国面积最大的盆地。 依据：中国地理通识。","whyUserAnswerWrong":"干扰项混淆了相近概念、条件或对应关系，应回到准确表述判断。","commonMistake":"注意区分“塔里木盆地”的适用条件与相近常识。","memoryTip":"最大盆地是塔里木。"}',4,true,1),('common-geo-desert','geo-desert','common-boss','single_choice','关于“塔克拉玛干沙漠”，下列说法正确的是？','{"questionId":"common-geo-desert","knowledgeId":"geo-desert","type":"single_choice","stem":"关于“塔克拉玛干沙漠”，下列说法正确的是？","options":[{"id":"A","text":"塔克拉玛干沙漠位于塔里木盆地内，是中国最大的沙漠。"},{"id":"B","text":"中国位于亚洲东部、太平洋西岸。"},{"id":"C","text":"广西壮族自治区的首府是南宁。"},{"id":"D","text":"喜马拉雅山脉是世界上最高大的山脉。"}]}'::jsonb,'"A"'::jsonb,'{"summary":"塔克拉玛干沙漠位于塔里木盆地内，是中国最大的沙漠。","whyCorrect":"“塔克拉玛干沙漠”的正确表述是：塔克拉玛干沙漠位于塔里木盆地内，是中国最大的沙漠。 依据：中国地理通识。","whyUserAnswerWrong":"干扰项混淆了相近概念、条件或对应关系，应回到准确表述判断。","commonMistake":"注意区分“塔克拉玛干沙漠”的适用条件与相近常识。","memoryTip":"最大沙漠在塔里木盆地。"}',5,true,1),('common-geo-mountain','geo-mountain','common-boss','single_choice','关于“喜马拉雅山脉”，下列说法正确的是？','{"questionId":"common-geo-mountain","knowledgeId":"geo-mountain","type":"single_choice","stem":"关于“喜马拉雅山脉”，下列说法正确的是？","options":[{"id":"A","text":"喜马拉雅山脉是世界上最高大的山脉。"},{"id":"B","text":"中国陆地边界与14个国家相接。"},{"id":"C","text":"珠穆朗玛峰是世界最高峰，位于中国与尼泊尔边境。"},{"id":"D","text":"宁夏回族自治区的首府是银川。"}]}'::jsonb,'"A"'::jsonb,'{"summary":"喜马拉雅山脉是世界上最高大的山脉。","whyCorrect":"“喜马拉雅山脉”的正确表述是：喜马拉雅山脉是世界上最高大的山脉。 依据：世界地理通识。","whyUserAnswerWrong":"干扰项混淆了相近概念、条件或对应关系，应回到准确表述判断。","commonMistake":"注意区分“喜马拉雅山脉”的适用条件与相近常识。","memoryTip":"最高大山脉是喜马拉雅。"}',1,true,1),('common-geo-everest','geo-everest','common-boss','single_choice','关于“珠穆朗玛峰”，下列说法正确的是？','{"questionId":"common-geo-everest","knowledgeId":"geo-everest","type":"single_choice","stem":"关于“珠穆朗玛峰”，下列说法正确的是？","options":[{"id":"A","text":"中国东部地区受季风影响显著，夏季普遍高温多雨。"},{"id":"B","text":"珠穆朗玛峰是世界最高峰，位于中国与尼泊尔边境。"},{"id":"C","text":"中国有34个省级行政区，包括省、自治区、直辖市和特别行政区。"},{"id":"D","text":"内蒙古自治区的首府是呼和浩特。"}]}'::jsonb,'"B"'::jsonb,'{"summary":"珠穆朗玛峰是世界最高峰，位于中国与尼泊尔边境。","whyCorrect":"“珠穆朗玛峰”的正确表述是：珠穆朗玛峰是世界最高峰，位于中国与尼泊尔边境。 依据：世界地理通识。","whyUserAnswerWrong":"干扰项混淆了相近概念、条件或对应关系，应回到准确表述判断。","commonMistake":"注意区分“珠穆朗玛峰”的适用条件与相近常识。","memoryTip":"最高峰在中尼边境。"}',2,true,1),('common-geo-climate','geo-climate','common-boss','single_choice','关于“季风气候”，下列说法正确的是？','{"questionId":"common-geo-climate","knowledgeId":"geo-climate","type":"single_choice","stem":"关于“季风气候”，下列说法正确的是？","options":[{"id":"A","text":"大兴安岭—阴山—贺兰山一线大致是中国季风区与非季风区的分界线。"},{"id":"B","text":"香港特别行政区位于珠江口东侧。"},{"id":"C","text":"中国东部地区受季风影响显著，夏季普遍高温多雨。"},{"id":"D","text":"长江是中国第一大河，发源于青藏高原。"}]}'::jsonb,'"C"'::jsonb,'{"summary":"中国东部地区受季风影响显著，夏季普遍高温多雨。","whyCorrect":"“季风气候”的正确表述是：中国东部地区受季风影响显著，夏季普遍高温多雨。 依据：中国地理通识。","whyUserAnswerWrong":"干扰项混淆了相近概念、条件或对应关系，应回到准确表述判断。","commonMistake":"注意区分“季风气候”的适用条件与相近常识。","memoryTip":"东部季风区夏季高温多雨。"}',3,true,1),('common-geo-monsoonline','geo-monsoonline','common-boss','single_choice','关于“季风区分界”，下列说法正确的是？','{"questionId":"common-geo-monsoonline","knowledgeId":"geo-monsoonline","type":"single_choice","stem":"关于“季风区分界”，下列说法正确的是？","options":[{"id":"A","text":"黑河—腾冲一线常被称为中国人口地理分界线。"},{"id":"B","text":"大兴安岭—阴山—贺兰山一线大致是中国季风区与非季风区的分界线。"},{"id":"C","text":"澳门特别行政区位于珠江口西侧。"},{"id":"D","text":"黄河发源于青藏高原，是中华民族的母亲河之一。"}]}'::jsonb,'"B"'::jsonb,'{"summary":"大兴安岭—阴山—贺兰山一线大致是中国季风区与非季风区的分界线。","whyCorrect":"“季风区分界”的正确表述是：大兴安岭—阴山—贺兰山一线大致是中国季风区与非季风区的分界线。 依据：中国地理通识。","whyUserAnswerWrong":"干扰项混淆了相近概念、条件或对应关系，应回到准确表述判断。","commonMistake":"注意区分“季风区分界”的适用条件与相近常识。","memoryTip":"大兴安岭、阴山、贺兰山。"}',4,true,1),('common-geo-huhe','geo-huhe','common-boss','single_choice','关于“人口地理线”，下列说法正确的是？','{"questionId":"common-geo-huhe","knowledgeId":"geo-huhe","type":"single_choice","stem":"关于“人口地理线”，下列说法正确的是？","options":[{"id":"A","text":"中华人民共和国首都是北京。"},{"id":"B","text":"秦岭—淮河一线是中国重要的南北地理分界线。"},{"id":"C","text":"黑河—腾冲一线常被称为中国人口地理分界线。"},{"id":"D","text":"青藏高原平均海拔高，被称为“世界屋脊”。"}]}'::jsonb,'"C"'::jsonb,'{"summary":"黑河—腾冲一线常被称为中国人口地理分界线。","whyCorrect":"“人口地理线”的正确表述是：黑河—腾冲一线常被称为中国人口地理分界线。 依据：中国地理通识。","whyUserAnswerWrong":"干扰项混淆了相近概念、条件或对应关系，应回到准确表述判断。","commonMistake":"注意区分“人口地理线”的适用条件与相近常识。","memoryTip":"黑河—腾冲人口线。"}',5,true,1),('common-geo-qinling','geo-qinling','common-boss','single_choice','关于“秦岭淮河”，下列说法正确的是？','{"questionId":"common-geo-qinling","knowledgeId":"geo-qinling","type":"single_choice","stem":"关于“秦岭淮河”，下列说法正确的是？","options":[{"id":"A","text":"秦岭—淮河以南地区耕地以水田为主，粮食作物以水稻为主。"},{"id":"B","text":"塔里木盆地是中国面积最大的盆地。"},{"id":"C","text":"中国陆地国土面积约960万平方千米。"},{"id":"D","text":"秦岭—淮河一线是中国重要的南北地理分界线。"}]}'::jsonb,'"D"'::jsonb,'{"summary":"秦岭—淮河一线是中国重要的南北地理分界线。","whyCorrect":"“秦岭淮河”的正确表述是：秦岭—淮河一线是中国重要的南北地理分界线。 依据：中国地理通识。","whyUserAnswerWrong":"干扰项混淆了相近概念、条件或对应关系，应回到准确表述判断。","commonMistake":"注意区分“秦岭淮河”的适用条件与相近常识。","memoryTip":"秦岭淮河分南北。"}',1,true,1),('common-geo-rice','geo-rice','common-boss','single_choice','关于“农业分布”，下列说法正确的是？','{"questionId":"common-geo-rice","knowledgeId":"geo-rice","type":"single_choice","stem":"关于“农业分布”，下列说法正确的是？","options":[{"id":"A","text":"塔克拉玛干沙漠位于塔里木盆地内，是中国最大的沙漠。"},{"id":"B","text":"秦岭—淮河以北地区耕地以旱地为主，粮食作物以小麦为主。"},{"id":"C","text":"中国位于亚洲东部、太平洋西岸。"},{"id":"D","text":"秦岭—淮河以南地区耕地以水田为主，粮食作物以水稻为主。"}]}'::jsonb,'"D"'::jsonb,'{"summary":"秦岭—淮河以南地区耕地以水田为主，粮食作物以水稻为主。","whyCorrect":"“农业分布”的正确表述是：秦岭—淮河以南地区耕地以水田为主，粮食作物以水稻为主。 依据：中国地理通识。","whyUserAnswerWrong":"干扰项混淆了相近概念、条件或对应关系，应回到准确表述判断。","commonMistake":"注意区分“农业分布”的适用条件与相近常识。","memoryTip":"南方水田、水稻。"}',2,true,1),('common-geo-wheat','geo-wheat','common-boss','single_choice','关于“北方农业”，下列说法正确的是？','{"questionId":"common-geo-wheat","knowledgeId":"geo-wheat","type":"single_choice","stem":"关于“北方农业”，下列说法正确的是？","options":[{"id":"A","text":"喜马拉雅山脉是世界上最高大的山脉。"},{"id":"B","text":"秦岭—淮河以北地区耕地以旱地为主，粮食作物以小麦为主。"},{"id":"C","text":"中国陆地边界与14个国家相接。"},{"id":"D","text":"西藏自治区的首府是拉萨。"}]}'::jsonb,'"B"'::jsonb,'{"summary":"秦岭—淮河以北地区耕地以旱地为主，粮食作物以小麦为主。","whyCorrect":"“北方农业”的正确表述是：秦岭—淮河以北地区耕地以旱地为主，粮食作物以小麦为主。 依据：中国地理通识。","whyUserAnswerWrong":"干扰项混淆了相近概念、条件或对应关系，应回到准确表述判断。","commonMistake":"注意区分“北方农业”的适用条件与相近常识。","memoryTip":"北方旱地、小麦。"}',3,true,1),('common-geo-tibet','geo-tibet','common-boss','single_choice','关于“西藏自治区”，下列说法正确的是？','{"questionId":"common-geo-tibet","knowledgeId":"geo-tibet","type":"single_choice","stem":"关于“西藏自治区”，下列说法正确的是？","options":[{"id":"A","text":"中国有34个省级行政区，包括省、自治区、直辖市和特别行政区。"},{"id":"B","text":"珠穆朗玛峰是世界最高峰，位于中国与尼泊尔边境。"},{"id":"C","text":"新疆维吾尔自治区的首府是乌鲁木齐。"},{"id":"D","text":"西藏自治区的首府是拉萨。"}]}'::jsonb,'"D"'::jsonb,'{"summary":"西藏自治区的首府是拉萨。","whyCorrect":"“西藏自治区”的正确表述是：西藏自治区的首府是拉萨。 依据：中国地理通识。","whyUserAnswerWrong":"干扰项混淆了相近概念、条件或对应关系，应回到准确表述判断。","commonMistake":"注意区分“西藏自治区”的适用条件与相近常识。","memoryTip":"西藏首府拉萨。"}',4,true,1),('common-geo-xinjiang','geo-xinjiang','common-boss','single_choice','关于“新疆维吾尔自治区”，下列说法正确的是？','{"questionId":"common-geo-xinjiang","knowledgeId":"geo-xinjiang","type":"single_choice","stem":"关于“新疆维吾尔自治区”，下列说法正确的是？","options":[{"id":"A","text":"新疆维吾尔自治区的首府是乌鲁木齐。"},{"id":"B","text":"长江是中国第一大河，发源于青藏高原。"},{"id":"C","text":"广西壮族自治区的首府是南宁。"},{"id":"D","text":"中国东部地区受季风影响显著，夏季普遍高温多雨。"}]}'::jsonb,'"A"'::jsonb,'{"summary":"新疆维吾尔自治区的首府是乌鲁木齐。","whyCorrect":"“新疆维吾尔自治区”的正确表述是：新疆维吾尔自治区的首府是乌鲁木齐。 依据：中国地理通识。","whyUserAnswerWrong":"干扰项混淆了相近概念、条件或对应关系，应回到准确表述判断。","commonMistake":"注意区分“新疆维吾尔自治区”的适用条件与相近常识。","memoryTip":"新疆首府乌鲁木齐。"}',5,true,1),('common-geo-guangxi','geo-guangxi','common-boss','single_choice','关于“广西壮族自治区”，下列说法正确的是？','{"questionId":"common-geo-guangxi","knowledgeId":"geo-guangxi","type":"single_choice","stem":"关于“广西壮族自治区”，下列说法正确的是？","options":[{"id":"A","text":"广西壮族自治区的首府是南宁。"},{"id":"B","text":"宁夏回族自治区的首府是银川。"},{"id":"C","text":"黄河发源于青藏高原，是中华民族的母亲河之一。"},{"id":"D","text":"大兴安岭—阴山—贺兰山一线大致是中国季风区与非季风区的分界线。"}]}'::jsonb,'"A"'::jsonb,'{"summary":"广西壮族自治区的首府是南宁。","whyCorrect":"“广西壮族自治区”的正确表述是：广西壮族自治区的首府是南宁。 依据：中国地理通识。","whyUserAnswerWrong":"干扰项混淆了相近概念、条件或对应关系，应回到准确表述判断。","commonMistake":"注意区分“广西壮族自治区”的适用条件与相近常识。","memoryTip":"广西首府南宁。"}',1,true,1),('common-geo-ningxia','geo-ningxia','common-boss','single_choice','关于“宁夏回族自治区”，下列说法正确的是？','{"questionId":"common-geo-ningxia","knowledgeId":"geo-ningxia","type":"single_choice","stem":"关于“宁夏回族自治区”，下列说法正确的是？","options":[{"id":"A","text":"宁夏回族自治区的首府是银川。"},{"id":"B","text":"内蒙古自治区的首府是呼和浩特。"},{"id":"C","text":"黑河—腾冲一线常被称为中国人口地理分界线。"},{"id":"D","text":"青藏高原平均海拔高，被称为“世界屋脊”。"}]}'::jsonb,'"A"'::jsonb,'{"summary":"宁夏回族自治区的首府是银川。","whyCorrect":"“宁夏回族自治区”的正确表述是：宁夏回族自治区的首府是银川。 依据：中国地理通识。","whyUserAnswerWrong":"干扰项混淆了相近概念、条件或对应关系，应回到准确表述判断。","commonMistake":"注意区分“宁夏回族自治区”的适用条件与相近常识。","memoryTip":"宁夏首府银川。"}',2,true,1),('common-geo-inner','geo-inner','common-boss','single_choice','关于“内蒙古自治区”，下列说法正确的是？','{"questionId":"common-geo-inner","knowledgeId":"geo-inner","type":"single_choice","stem":"关于“内蒙古自治区”，下列说法正确的是？","options":[{"id":"A","text":"内蒙古自治区的首府是呼和浩特。"},{"id":"B","text":"塔里木盆地是中国面积最大的盆地。"},{"id":"C","text":"秦岭—淮河一线是中国重要的南北地理分界线。"},{"id":"D","text":"香港特别行政区位于珠江口东侧。"}]}'::jsonb,'"A"'::jsonb,'{"summary":"内蒙古自治区的首府是呼和浩特。","whyCorrect":"“内蒙古自治区”的正确表述是：内蒙古自治区的首府是呼和浩特。 依据：中国地理通识。","whyUserAnswerWrong":"干扰项混淆了相近概念、条件或对应关系，应回到准确表述判断。","commonMistake":"注意区分“内蒙古自治区”的适用条件与相近常识。","memoryTip":"内蒙古首府呼和浩特。"}',3,true,1),('common-geo-hk','geo-hk','common-boss','single_choice','关于“香港特别行政区”，下列说法正确的是？','{"questionId":"common-geo-hk","knowledgeId":"geo-hk","type":"single_choice","stem":"关于“香港特别行政区”，下列说法正确的是？","options":[{"id":"A","text":"澳门特别行政区位于珠江口西侧。"},{"id":"B","text":"香港特别行政区位于珠江口东侧。"},{"id":"C","text":"塔克拉玛干沙漠位于塔里木盆地内，是中国最大的沙漠。"},{"id":"D","text":"秦岭—淮河以南地区耕地以水田为主，粮食作物以水稻为主。"}]}'::jsonb,'"B"'::jsonb,'{"summary":"香港特别行政区位于珠江口东侧。","whyCorrect":"“香港特别行政区”的正确表述是：香港特别行政区位于珠江口东侧。 依据：中国地理通识。","whyUserAnswerWrong":"干扰项混淆了相近概念、条件或对应关系，应回到准确表述判断。","commonMistake":"注意区分“香港特别行政区”的适用条件与相近常识。","memoryTip":"香港在珠江口东侧。"}',4,true,1),('common-geo-macao','geo-macao','common-boss','single_choice','关于“澳门特别行政区”，下列说法正确的是？','{"questionId":"common-geo-macao","knowledgeId":"geo-macao","type":"single_choice","stem":"关于“澳门特别行政区”，下列说法正确的是？","options":[{"id":"A","text":"秦岭—淮河以北地区耕地以旱地为主，粮食作物以小麦为主。"},{"id":"B","text":"喜马拉雅山脉是世界上最高大的山脉。"},{"id":"C","text":"澳门特别行政区位于珠江口西侧。"},{"id":"D","text":"中华人民共和国首都是北京。"}]}'::jsonb,'"C"'::jsonb,'{"summary":"澳门特别行政区位于珠江口西侧。","whyCorrect":"“澳门特别行政区”的正确表述是：澳门特别行政区位于珠江口西侧。 依据：中国地理通识。","whyUserAnswerWrong":"干扰项混淆了相近概念、条件或对应关系，应回到准确表述判断。","commonMistake":"注意区分“澳门特别行政区”的适用条件与相近常识。","memoryTip":"澳门在珠江口西侧。"}',5,true,1) on conflict (id) do update set knowledge_id=excluded.knowledge_id,level_id=excluded.level_id,question_type=excluded.question_type,stem=excluded.stem,options=excluded.options,correct_answer=excluded.correct_answer,explanation=excluded.explanation,difficulty=excluded.difficulty,published=excluded.published,version=excluded.version;

-- content seed follows; generated rows remain idempotent so this migration can safely be rerun in SQL Editor.
