-- 数字工坊题库唯一存放于 Supabase。腾讯云 API 仅用 service_role 读取与判题，不保存题目内容。
-- 依赖：请先执行 004_content_catalog.sql；本文件可在 SQL Editor 重复执行。

insert into public.worlds (id,name,slug,description,theme,free_chapter_count,published,version) values
  ('numbers','数字工坊','numbers','把公式锻造成快速判断力：基础计算、资料分析、思维训练与数字推理。','numbers',1,true,1)
on conflict (id) do update set name=excluded.name,slug=excluded.slug,description=excluded.description,theme=excluded.theme,free_chapter_count=excluded.free_chapter_count,published=excluded.published,version=excluded.version;

insert into public.chapters (id,world_id,name,sort,is_free,published,version,description,intro,boss_name,boss_description) values
  ('numbers-foundation','numbers','数字训练工坊',1,true,true,1,'基础计算、资料分析、思维能力和数字推理 · 80 道训练题','先用基础计算建立速度，再把公式、数列和综合判断连成完整的数字能力。','数字工坊综合试炼','完成前五关后，进入 20 题综合试炼，检验计算、公式与数列判断。')
on conflict (id) do update set world_id=excluded.world_id,name=excluded.name,sort=excluded.sort,is_free=excluded.is_free,published=excluded.published,version=excluded.version,description=excluded.description,intro=excluded.intro,boss_name=excluded.boss_name,boss_description=excluded.boss_description;

insert into public.levels (id,chapter_id,name,kind,sort,pass_score,reward_xp,published,version,summary) values
  ('numbers-1','numbers-foundation','1-1 基础计算 · 加减', 'lesson',1,60,0,true,1,'两三位数加减训练：先稳住进位与退位。'),
  ('numbers-2','numbers-foundation','1-2 基础计算 · 乘除', 'lesson',2,60,0,true,1,'乘除、整倍数与简算训练。'),
  ('numbers-3','numbers-foundation','1-3 资料分析专项', 'lesson',3,60,0,true,1,'增长率、比重、平均数和完成率的填空训练。'),
  ('numbers-4','numbers-foundation','1-4 数字推理 · 基础数列', 'lesson',4,60,0,true,1,'识别相邻差、倍数和平方数规律。'),
  ('numbers-5','numbers-foundation','1-5 思维能力 · 进阶推理', 'lesson',5,60,0,true,1,'练习交替、递推和质数等复合规律。'),
  ('numbers-boss','numbers-foundation','1-6 Boss · 数字工坊综合', 'boss',6,60,0,true,1,'20 题综合试炼：计算、公式和数列混合。')
on conflict (id) do update set chapter_id=excluded.chapter_id,name=excluded.name,kind=excluded.kind,sort=excluded.sort,pass_score=excluded.pass_score,reward_xp=excluded.reward_xp,published=excluded.published,version=excluded.version,summary=excluded.summary;

insert into public.knowledge_points (id,name,summary,core_fact,category,published,version) values
  ('numbers-add-sub','加减心算','两三位数加减与凑整。','分步凑整后复核进位和退位。','基础计算',true,1),
  ('numbers-mul-div','乘除速算','乘除、整倍数与拆分计算。','把整数拆成易计算的因数或和差。','基础计算',true,1),
  ('numbers-data-analysis','资料分析公式','增长率、比重、平均数和完成率。','增长率的基数永远是原数。','资料分析专项',true,1),
  ('numbers-basic-sequence','基础数列','差值、倍数、平方和阶乘数列。','先看相邻差与倍数，再看特殊数。','数字推理训练',true,1),
  ('numbers-advanced-reasoning','进阶数字推理','交替、递推和质数等规律。','拆分奇偶位或写出递推式。','思维能力训练',true,1),
  ('numbers-comprehensive','数字综合','把计算、公式和数列组合判断。','先确定题型，再调用对应规则。','数字工坊综合',true,1)
on conflict (id) do update set name=excluded.name,summary=excluded.summary,core_fact=excluded.core_fact,category=excluded.category,published=excluded.published,version=excluded.version;

insert into public.questions (id,knowledge_id,level_id,question_type,stem,options,correct_answer,explanation,difficulty,published,version) values
  ('numbers-basic-01','numbers-add-sub','numbers-1','numeric_input','48 + 37 = ?','{"questionId":"numbers-basic-01","knowledgeId":"numbers-add-sub","type":"numeric_input","stem":"48 + 37 = ?","prompt":"请计算后填写答案","inputMode":"numeric"}'::jsonb,'"85"'::jsonb,'{"summary":"答案：85","whyCorrect":"个位 8+7=15，进 1；十位 4+3+1=8，所以结果是 85。","whyUserAnswerWrong":"请逐步列式计算，避免把运算顺序或百分数基数看错。","commonMistake":"心算时遗漏进位、退位，或将“增长率”误算成增长后的占比。","memoryTip":"先分步计算，再复核一次进位、退位或乘除关系。"}'::jsonb,1,true,1),
  ('numbers-basic-02','numbers-add-sub','numbers-1','numeric_input','96 - 58 = ?','{"questionId":"numbers-basic-02","knowledgeId":"numbers-add-sub","type":"numeric_input","stem":"96 - 58 = ?","prompt":"请计算后填写答案","inputMode":"numeric"}'::jsonb,'"38"'::jsonb,'{"summary":"答案：38","whyCorrect":"96-50=46，再减 8 得 38。","whyUserAnswerWrong":"请逐步列式计算，避免把运算顺序或百分数基数看错。","commonMistake":"心算时遗漏进位、退位，或将“增长率”误算成增长后的占比。","memoryTip":"先分步计算，再复核一次进位、退位或乘除关系。"}'::jsonb,2,true,1),
  ('numbers-basic-03','numbers-add-sub','numbers-1','numeric_input','125 + 276 = ?','{"questionId":"numbers-basic-03","knowledgeId":"numbers-add-sub","type":"numeric_input","stem":"125 + 276 = ?","prompt":"请计算后填写答案","inputMode":"numeric"}'::jsonb,'"401"'::jsonb,'{"summary":"答案：401","whyCorrect":"125+200=325，325+76=401。","whyUserAnswerWrong":"请逐步列式计算，避免把运算顺序或百分数基数看错。","commonMistake":"心算时遗漏进位、退位，或将“增长率”误算成增长后的占比。","memoryTip":"先分步计算，再复核一次进位、退位或乘除关系。"}'::jsonb,3,true,1),
  ('numbers-basic-04','numbers-add-sub','numbers-1','numeric_input','503 - 178 = ?','{"questionId":"numbers-basic-04","knowledgeId":"numbers-add-sub","type":"numeric_input","stem":"503 - 178 = ?","prompt":"请计算后填写答案","inputMode":"numeric"}'::jsonb,'"325"'::jsonb,'{"summary":"答案：325","whyCorrect":"503-100=403，403-78=325。","whyUserAnswerWrong":"请逐步列式计算，避免把运算顺序或百分数基数看错。","commonMistake":"心算时遗漏进位、退位，或将“增长率”误算成增长后的占比。","memoryTip":"先分步计算，再复核一次进位、退位或乘除关系。"}'::jsonb,1,true,1),
  ('numbers-basic-05','numbers-add-sub','numbers-1','numeric_input','289 + 146 = ?','{"questionId":"numbers-basic-05","knowledgeId":"numbers-add-sub","type":"numeric_input","stem":"289 + 146 = ?","prompt":"请计算后填写答案","inputMode":"numeric"}'::jsonb,'"435"'::jsonb,'{"summary":"答案：435","whyCorrect":"289+100=389，389+46=435。","whyUserAnswerWrong":"请逐步列式计算，避免把运算顺序或百分数基数看错。","commonMistake":"心算时遗漏进位、退位，或将“增长率”误算成增长后的占比。","memoryTip":"先分步计算，再复核一次进位、退位或乘除关系。"}'::jsonb,2,true,1),
  ('numbers-basic-06','numbers-add-sub','numbers-1','numeric_input','700 - 268 = ?','{"questionId":"numbers-basic-06","knowledgeId":"numbers-add-sub","type":"numeric_input","stem":"700 - 268 = ?","prompt":"请计算后填写答案","inputMode":"numeric"}'::jsonb,'"432"'::jsonb,'{"summary":"答案：432","whyCorrect":"700-200=500，500-68=432。","whyUserAnswerWrong":"请逐步列式计算，避免把运算顺序或百分数基数看错。","commonMistake":"心算时遗漏进位、退位，或将“增长率”误算成增长后的占比。","memoryTip":"先分步计算，再复核一次进位、退位或乘除关系。"}'::jsonb,3,true,1),
  ('numbers-basic-07','numbers-add-sub','numbers-1','numeric_input','64 + 29 = ?','{"questionId":"numbers-basic-07","knowledgeId":"numbers-add-sub","type":"numeric_input","stem":"64 + 29 = ?","prompt":"请计算后填写答案","inputMode":"numeric"}'::jsonb,'"93"'::jsonb,'{"summary":"答案：93","whyCorrect":"64+20=84，84+9=93。","whyUserAnswerWrong":"请逐步列式计算，避免把运算顺序或百分数基数看错。","commonMistake":"心算时遗漏进位、退位，或将“增长率”误算成增长后的占比。","memoryTip":"先分步计算，再复核一次进位、退位或乘除关系。"}'::jsonb,1,true,1),
  ('numbers-basic-08','numbers-add-sub','numbers-1','numeric_input','1000 - 457 = ?','{"questionId":"numbers-basic-08","knowledgeId":"numbers-add-sub","type":"numeric_input","stem":"1000 - 457 = ?","prompt":"请计算后填写答案","inputMode":"numeric"}'::jsonb,'"543"'::jsonb,'{"summary":"答案：543","whyCorrect":"1000-400=600，600-57=543。","whyUserAnswerWrong":"请逐步列式计算，避免把运算顺序或百分数基数看错。","commonMistake":"心算时遗漏进位、退位，或将“增长率”误算成增长后的占比。","memoryTip":"先分步计算，再复核一次进位、退位或乘除关系。"}'::jsonb,2,true,1),
  ('numbers-basic-09','numbers-add-sub','numbers-1','numeric_input','356 + 244 = ?','{"questionId":"numbers-basic-09","knowledgeId":"numbers-add-sub","type":"numeric_input","stem":"356 + 244 = ?","prompt":"请计算后填写答案","inputMode":"numeric"}'::jsonb,'"600"'::jsonb,'{"summary":"答案：600","whyCorrect":"356+200=556，556+44=600。","whyUserAnswerWrong":"请逐步列式计算，避免把运算顺序或百分数基数看错。","commonMistake":"心算时遗漏进位、退位，或将“增长率”误算成增长后的占比。","memoryTip":"先分步计算，再复核一次进位、退位或乘除关系。"}'::jsonb,3,true,1),
  ('numbers-basic-10','numbers-add-sub','numbers-1','numeric_input','820 - 395 = ?','{"questionId":"numbers-basic-10","knowledgeId":"numbers-add-sub","type":"numeric_input","stem":"820 - 395 = ?","prompt":"请计算后填写答案","inputMode":"numeric"}'::jsonb,'"425"'::jsonb,'{"summary":"答案：425","whyCorrect":"820-400=420，再补回 5，得到 425。","whyUserAnswerWrong":"请逐步列式计算，避免把运算顺序或百分数基数看错。","commonMistake":"心算时遗漏进位、退位，或将“增长率”误算成增长后的占比。","memoryTip":"先分步计算，再复核一次进位、退位或乘除关系。"}'::jsonb,1,true,1),
  ('numbers-basic-11','numbers-add-sub','numbers-1','numeric_input','999 - 468 = ?','{"questionId":"numbers-basic-11","knowledgeId":"numbers-add-sub","type":"numeric_input","stem":"999 - 468 = ?","prompt":"请计算后填写答案","inputMode":"numeric"}'::jsonb,'"531"'::jsonb,'{"summary":"答案：531","whyCorrect":"999-400=599，599-68=531。","whyUserAnswerWrong":"请逐步列式计算，避免把运算顺序或百分数基数看错。","commonMistake":"心算时遗漏进位、退位，或将“增长率”误算成增长后的占比。","memoryTip":"先分步计算，再复核一次进位、退位或乘除关系。"}'::jsonb,2,true,1),
  ('numbers-basic-12','numbers-add-sub','numbers-1','numeric_input','135 + 88 = ?','{"questionId":"numbers-basic-12","knowledgeId":"numbers-add-sub","type":"numeric_input","stem":"135 + 88 = ?","prompt":"请计算后填写答案","inputMode":"numeric"}'::jsonb,'"223"'::jsonb,'{"summary":"答案：223","whyCorrect":"135+80=215，215+8=223。","whyUserAnswerWrong":"请逐步列式计算，避免把运算顺序或百分数基数看错。","commonMistake":"心算时遗漏进位、退位，或将“增长率”误算成增长后的占比。","memoryTip":"先分步计算，再复核一次进位、退位或乘除关系。"}'::jsonb,3,true,1),
  ('numbers-mul-01','numbers-mul-div','numbers-2','numeric_input','24 × 3 = ?','{"questionId":"numbers-mul-01","knowledgeId":"numbers-mul-div","type":"numeric_input","stem":"24 × 3 = ?","prompt":"请计算后填写答案","inputMode":"numeric"}'::jsonb,'"72"'::jsonb,'{"summary":"答案：72","whyCorrect":"24×3=(20×3)+(4×3)=60+12=72。","whyUserAnswerWrong":"请逐步列式计算，避免把运算顺序或百分数基数看错。","commonMistake":"心算时遗漏进位、退位，或将“增长率”误算成增长后的占比。","memoryTip":"先分步计算，再复核一次进位、退位或乘除关系。"}'::jsonb,1,true,1),
  ('numbers-mul-02','numbers-mul-div','numbers-2','numeric_input','36 × 7 = ?','{"questionId":"numbers-mul-02","knowledgeId":"numbers-mul-div","type":"numeric_input","stem":"36 × 7 = ?","prompt":"请计算后填写答案","inputMode":"numeric"}'::jsonb,'"252"'::jsonb,'{"summary":"答案：252","whyCorrect":"36×7=(30×7)+(6×7)=210+42=252。","whyUserAnswerWrong":"请逐步列式计算，避免把运算顺序或百分数基数看错。","commonMistake":"心算时遗漏进位、退位，或将“增长率”误算成增长后的占比。","memoryTip":"先分步计算，再复核一次进位、退位或乘除关系。"}'::jsonb,2,true,1),
  ('numbers-mul-03','numbers-mul-div','numbers-2','numeric_input','125 × 4 = ?','{"questionId":"numbers-mul-03","knowledgeId":"numbers-mul-div","type":"numeric_input","stem":"125 × 4 = ?","prompt":"请计算后填写答案","inputMode":"numeric"}'::jsonb,'"500"'::jsonb,'{"summary":"答案：500","whyCorrect":"125×4 是 500，也可看作 100×4+25×4。","whyUserAnswerWrong":"请逐步列式计算，避免把运算顺序或百分数基数看错。","commonMistake":"心算时遗漏进位、退位，或将“增长率”误算成增长后的占比。","memoryTip":"先分步计算，再复核一次进位、退位或乘除关系。"}'::jsonb,3,true,1),
  ('numbers-mul-04','numbers-mul-div','numbers-2','numeric_input','84 × 6 = ?','{"questionId":"numbers-mul-04","knowledgeId":"numbers-mul-div","type":"numeric_input","stem":"84 × 6 = ?","prompt":"请计算后填写答案","inputMode":"numeric"}'::jsonb,'"504"'::jsonb,'{"summary":"答案：504","whyCorrect":"84×6=(80×6)+(4×6)=480+24=504。","whyUserAnswerWrong":"请逐步列式计算，避免把运算顺序或百分数基数看错。","commonMistake":"心算时遗漏进位、退位，或将“增长率”误算成增长后的占比。","memoryTip":"先分步计算，再复核一次进位、退位或乘除关系。"}'::jsonb,4,true,1),
  ('numbers-mul-05','numbers-mul-div','numbers-2','numeric_input','96 ÷ 3 = ?','{"questionId":"numbers-mul-05","knowledgeId":"numbers-mul-div","type":"numeric_input","stem":"96 ÷ 3 = ?","prompt":"请计算后填写答案","inputMode":"numeric"}'::jsonb,'"32"'::jsonb,'{"summary":"答案：32","whyCorrect":"96 平均分成 3 份，每份为 32。","whyUserAnswerWrong":"请逐步列式计算，避免把运算顺序或百分数基数看错。","commonMistake":"心算时遗漏进位、退位，或将“增长率”误算成增长后的占比。","memoryTip":"先分步计算，再复核一次进位、退位或乘除关系。"}'::jsonb,1,true,1),
  ('numbers-mul-06','numbers-mul-div','numbers-2','numeric_input','864 ÷ 8 = ?','{"questionId":"numbers-mul-06","knowledgeId":"numbers-mul-div","type":"numeric_input","stem":"864 ÷ 8 = ?","prompt":"请计算后填写答案","inputMode":"numeric"}'::jsonb,'"108"'::jsonb,'{"summary":"答案：108","whyCorrect":"8×100=800，余 64；64÷8=8，合计 108。","whyUserAnswerWrong":"请逐步列式计算，避免把运算顺序或百分数基数看错。","commonMistake":"心算时遗漏进位、退位，或将“增长率”误算成增长后的占比。","memoryTip":"先分步计算，再复核一次进位、退位或乘除关系。"}'::jsonb,2,true,1),
  ('numbers-mul-07','numbers-mul-div','numbers-2','numeric_input','15 × 15 = ?','{"questionId":"numbers-mul-07","knowledgeId":"numbers-mul-div","type":"numeric_input","stem":"15 × 15 = ?","prompt":"请计算后填写答案","inputMode":"numeric"}'::jsonb,'"225"'::jsonb,'{"summary":"答案：225","whyCorrect":"15×15=15×(10+5)=150+75=225。","whyUserAnswerWrong":"请逐步列式计算，避免把运算顺序或百分数基数看错。","commonMistake":"心算时遗漏进位、退位，或将“增长率”误算成增长后的占比。","memoryTip":"先分步计算，再复核一次进位、退位或乘除关系。"}'::jsonb,3,true,1),
  ('numbers-mul-08','numbers-mul-div','numbers-2','numeric_input','48 × 11 = ?','{"questionId":"numbers-mul-08","knowledgeId":"numbers-mul-div","type":"numeric_input","stem":"48 × 11 = ?","prompt":"请计算后填写答案","inputMode":"numeric"}'::jsonb,'"528"'::jsonb,'{"summary":"答案：528","whyCorrect":"48×11=48×(10+1)=480+48=528。","whyUserAnswerWrong":"请逐步列式计算，避免把运算顺序或百分数基数看错。","commonMistake":"心算时遗漏进位、退位，或将“增长率”误算成增长后的占比。","memoryTip":"先分步计算，再复核一次进位、退位或乘除关系。"}'::jsonb,4,true,1),
  ('numbers-mul-09','numbers-mul-div','numbers-2','numeric_input','126 ÷ 6 = ?','{"questionId":"numbers-mul-09","knowledgeId":"numbers-mul-div","type":"numeric_input","stem":"126 ÷ 6 = ?","prompt":"请计算后填写答案","inputMode":"numeric"}'::jsonb,'"21"'::jsonb,'{"summary":"答案：21","whyCorrect":"6×21=126，所以商为 21。","whyUserAnswerWrong":"请逐步列式计算，避免把运算顺序或百分数基数看错。","commonMistake":"心算时遗漏进位、退位，或将“增长率”误算成增长后的占比。","memoryTip":"先分步计算，再复核一次进位、退位或乘除关系。"}'::jsonb,1,true,1),
  ('numbers-mul-10','numbers-mul-div','numbers-2','numeric_input','25 × 16 = ?','{"questionId":"numbers-mul-10","knowledgeId":"numbers-mul-div","type":"numeric_input","stem":"25 × 16 = ?","prompt":"请计算后填写答案","inputMode":"numeric"}'::jsonb,'"400"'::jsonb,'{"summary":"答案：400","whyCorrect":"25×16=25×4×4=100×4=400。","whyUserAnswerWrong":"请逐步列式计算，避免把运算顺序或百分数基数看错。","commonMistake":"心算时遗漏进位、退位，或将“增长率”误算成增长后的占比。","memoryTip":"先分步计算，再复核一次进位、退位或乘除关系。"}'::jsonb,2,true,1),
  ('numbers-mul-11','numbers-mul-div','numbers-2','numeric_input','144 ÷ 12 = ?','{"questionId":"numbers-mul-11","knowledgeId":"numbers-mul-div","type":"numeric_input","stem":"144 ÷ 12 = ?","prompt":"请计算后填写答案","inputMode":"numeric"}'::jsonb,'"12"'::jsonb,'{"summary":"答案：12","whyCorrect":"12×12=144，所以商为 12。","whyUserAnswerWrong":"请逐步列式计算，避免把运算顺序或百分数基数看错。","commonMistake":"心算时遗漏进位、退位，或将“增长率”误算成增长后的占比。","memoryTip":"先分步计算，再复核一次进位、退位或乘除关系。"}'::jsonb,3,true,1),
  ('numbers-mul-12','numbers-mul-div','numbers-2','numeric_input','72 × 14 = ?','{"questionId":"numbers-mul-12","knowledgeId":"numbers-mul-div","type":"numeric_input","stem":"72 × 14 = ?","prompt":"请计算后填写答案","inputMode":"numeric"}'::jsonb,'"1008"'::jsonb,'{"summary":"答案：1008","whyCorrect":"72×14=72×(10+4)=720+288=1008。","whyUserAnswerWrong":"请逐步列式计算，避免把运算顺序或百分数基数看错。","commonMistake":"心算时遗漏进位、退位，或将“增长率”误算成增长后的占比。","memoryTip":"先分步计算，再复核一次进位、退位或乘除关系。"}'::jsonb,4,true,1),
  ('numbers-data-01','numbers-data-analysis','numbers-3','numeric_input','某产品销量从 80 件增长到 100 件，增长率是多少？','{"questionId":"numbers-data-01","knowledgeId":"numbers-data-analysis","type":"numeric_input","stem":"某产品销量从 80 件增长到 100 件，增长率是多少？","prompt":"请计算后填写答案","inputMode":"numeric","suffix":"%"}'::jsonb,'"25"'::jsonb,'{"summary":"答案：25%","whyCorrect":"增长量为 100-80=20；增长率=20÷80×100%=25%。","whyUserAnswerWrong":"请逐步列式计算，避免把运算顺序或百分数基数看错。","commonMistake":"心算时遗漏进位、退位，或将“增长率”误算成增长后的占比。","memoryTip":"先找比较基数：增长率 = 增量 ÷ 原数 × 100%。"}'::jsonb,1,true,1),
  ('numbers-data-02','numbers-data-analysis','numbers-3','numeric_input','某指标从 240 增至 300，增长率是多少？','{"questionId":"numbers-data-02","knowledgeId":"numbers-data-analysis","type":"numeric_input","stem":"某指标从 240 增至 300，增长率是多少？","prompt":"请计算后填写答案","inputMode":"numeric","suffix":"%"}'::jsonb,'"25"'::jsonb,'{"summary":"答案：25%","whyCorrect":"增长量 60 ÷ 原数 240 ×100%=25%。","whyUserAnswerWrong":"请逐步列式计算，避免把运算顺序或百分数基数看错。","commonMistake":"心算时遗漏进位、退位，或将“增长率”误算成增长后的占比。","memoryTip":"先找比较基数：增长率 = 增量 ÷ 原数 × 100%。"}'::jsonb,2,true,1),
  ('numbers-data-03','numbers-data-analysis','numbers-3','numeric_input','今年产值 1200 万元，去年为 1000 万元，增长率是多少？','{"questionId":"numbers-data-03","knowledgeId":"numbers-data-analysis","type":"numeric_input","stem":"今年产值 1200 万元，去年为 1000 万元，增长率是多少？","prompt":"请计算后填写答案","inputMode":"numeric","suffix":"%"}'::jsonb,'"20"'::jsonb,'{"summary":"答案：20%","whyCorrect":"增长量 200 ÷ 去年 1000 ×100%=20%。","whyUserAnswerWrong":"请逐步列式计算，避免把运算顺序或百分数基数看错。","commonMistake":"心算时遗漏进位、退位，或将“增长率”误算成增长后的占比。","memoryTip":"先找比较基数：增长率 = 增量 ÷ 原数 × 100%。"}'::jsonb,3,true,1),
  ('numbers-data-04','numbers-data-analysis','numbers-3','numeric_input','四天的完成量分别为 80、95、105、120，平均每天完成多少？','{"questionId":"numbers-data-04","knowledgeId":"numbers-data-analysis","type":"numeric_input","stem":"四天的完成量分别为 80、95、105、120，平均每天完成多少？","prompt":"请计算后填写答案","inputMode":"numeric","suffix":"%"}'::jsonb,'"100"'::jsonb,'{"summary":"答案：100%","whyCorrect":"总量为 400，400÷4=100。","whyUserAnswerWrong":"请逐步列式计算，避免把运算顺序或百分数基数看错。","commonMistake":"心算时遗漏进位、退位，或将“增长率”误算成增长后的占比。","memoryTip":"先找比较基数：增长率 = 增量 ÷ 原数 × 100%。"}'::jsonb,4,true,1),
  ('numbers-data-05','numbers-data-analysis','numbers-3','numeric_input','总人数 400 人，其中男生 180 人，女生占总人数的百分比是多少？','{"questionId":"numbers-data-05","knowledgeId":"numbers-data-analysis","type":"numeric_input","stem":"总人数 400 人，其中男生 180 人，女生占总人数的百分比是多少？","prompt":"请计算后填写答案","inputMode":"numeric","suffix":"%"}'::jsonb,'"55"'::jsonb,'{"summary":"答案：55%","whyCorrect":"女生 400-180=220；220÷400×100%=55%。","whyUserAnswerWrong":"请逐步列式计算，避免把运算顺序或百分数基数看错。","commonMistake":"心算时遗漏进位、退位，或将“增长率”误算成增长后的占比。","memoryTip":"先找比较基数：增长率 = 增量 ÷ 原数 × 100%。"}'::jsonb,1,true,1),
  ('numbers-data-06','numbers-data-analysis','numbers-3','numeric_input','完成了 720 项任务中的 180 项，完成率是多少？','{"questionId":"numbers-data-06","knowledgeId":"numbers-data-analysis","type":"numeric_input","stem":"完成了 720 项任务中的 180 项，完成率是多少？","prompt":"请计算后填写答案","inputMode":"numeric","suffix":"%"}'::jsonb,'"25"'::jsonb,'{"summary":"答案：25%","whyCorrect":"180÷720=1÷4=25%。","whyUserAnswerWrong":"请逐步列式计算，避免把运算顺序或百分数基数看错。","commonMistake":"心算时遗漏进位、退位，或将“增长率”误算成增长后的占比。","memoryTip":"先找比较基数：增长率 = 增量 ÷ 原数 × 100%。"}'::jsonb,2,true,1),
  ('numbers-data-07','numbers-data-analysis','numbers-3','numeric_input','销售额从 250 万元变为 300 万元，增长率是多少？','{"questionId":"numbers-data-07","knowledgeId":"numbers-data-analysis","type":"numeric_input","stem":"销售额从 250 万元变为 300 万元，增长率是多少？","prompt":"请计算后填写答案","inputMode":"numeric","suffix":"%"}'::jsonb,'"20"'::jsonb,'{"summary":"答案：20%","whyCorrect":"增长量 50 ÷ 原数 250 ×100%=20%。","whyUserAnswerWrong":"请逐步列式计算，避免把运算顺序或百分数基数看错。","commonMistake":"心算时遗漏进位、退位，或将“增长率”误算成增长后的占比。","memoryTip":"先找比较基数：增长率 = 增量 ÷ 原数 × 100%。"}'::jsonb,3,true,1),
  ('numbers-data-08','numbers-data-analysis','numbers-3','numeric_input','一件商品原价 120 元，打七五折后的价格是多少？','{"questionId":"numbers-data-08","knowledgeId":"numbers-data-analysis","type":"numeric_input","stem":"一件商品原价 120 元，打七五折后的价格是多少？","prompt":"请计算后填写答案","inputMode":"numeric","suffix":"%"}'::jsonb,'"90"'::jsonb,'{"summary":"答案：90%","whyCorrect":"七五折即按原价的 75% 计算：120×75%=90。","whyUserAnswerWrong":"请逐步列式计算，避免把运算顺序或百分数基数看错。","commonMistake":"心算时遗漏进位、退位，或将“增长率”误算成增长后的占比。","memoryTip":"先找比较基数：增长率 = 增量 ÷ 原数 × 100%。"}'::jsonb,4,true,1),
  ('numbers-data-09','numbers-data-analysis','numbers-3','numeric_input','甲数是乙数的 3/5，甲数占乙数的百分比是多少？','{"questionId":"numbers-data-09","knowledgeId":"numbers-data-analysis","type":"numeric_input","stem":"甲数是乙数的 3/5，甲数占乙数的百分比是多少？","prompt":"请计算后填写答案","inputMode":"numeric","suffix":"%"}'::jsonb,'"60"'::jsonb,'{"summary":"答案：60%","whyCorrect":"3÷5×100%=60%。","whyUserAnswerWrong":"请逐步列式计算，避免把运算顺序或百分数基数看错。","commonMistake":"心算时遗漏进位、退位，或将“增长率”误算成增长后的占比。","memoryTip":"先找比较基数：增长率 = 增量 ÷ 原数 × 100%。"}'::jsonb,1,true,1),
  ('numbers-data-10','numbers-data-analysis','numbers-3','numeric_input','甲、乙两组完成量分别为 120 和 180，乙比甲多百分之几？','{"questionId":"numbers-data-10","knowledgeId":"numbers-data-analysis","type":"numeric_input","stem":"甲、乙两组完成量分别为 120 和 180，乙比甲多百分之几？","prompt":"请计算后填写答案","inputMode":"numeric","suffix":"%"}'::jsonb,'"50"'::jsonb,'{"summary":"答案：50%","whyCorrect":"多 60，以甲为基数：60÷120×100%=50%。","whyUserAnswerWrong":"请逐步列式计算，避免把运算顺序或百分数基数看错。","commonMistake":"心算时遗漏进位、退位，或将“增长率”误算成增长后的占比。","memoryTip":"先找比较基数：增长率 = 增量 ÷ 原数 × 100%。"}'::jsonb,2,true,1),
  ('numbers-data-11','numbers-data-analysis','numbers-3','numeric_input','某班 5 名学生成绩为 72、78、86、90、94，平均分是多少？','{"questionId":"numbers-data-11","knowledgeId":"numbers-data-analysis","type":"numeric_input","stem":"某班 5 名学生成绩为 72、78、86、90、94，平均分是多少？","prompt":"请计算后填写答案","inputMode":"numeric","suffix":"%"}'::jsonb,'"84"'::jsonb,'{"summary":"答案：84%","whyCorrect":"总分 420，420÷5=84。","whyUserAnswerWrong":"请逐步列式计算，避免把运算顺序或百分数基数看错。","commonMistake":"心算时遗漏进位、退位，或将“增长率”误算成增长后的占比。","memoryTip":"先找比较基数：增长率 = 增量 ÷ 原数 × 100%。"}'::jsonb,3,true,1),
  ('numbers-data-12','numbers-data-analysis','numbers-3','numeric_input','原计划 500 件，实际完成 575 件，完成率是多少？','{"questionId":"numbers-data-12","knowledgeId":"numbers-data-analysis","type":"numeric_input","stem":"原计划 500 件，实际完成 575 件，完成率是多少？","prompt":"请计算后填写答案","inputMode":"numeric","suffix":"%"}'::jsonb,'"115"'::jsonb,'{"summary":"答案：115%","whyCorrect":"575÷500×100%=115%。","whyUserAnswerWrong":"请逐步列式计算，避免把运算顺序或百分数基数看错。","commonMistake":"心算时遗漏进位、退位，或将“增长率”误算成增长后的占比。","memoryTip":"先找比较基数：增长率 = 增量 ÷ 原数 × 100%。"}'::jsonb,4,true,1),
  ('numbers-sequence-01','numbers-basic-sequence','numbers-4','single_choice','数列：2，5，10，17，26，？','{"questionId":"numbers-sequence-01","knowledgeId":"numbers-basic-sequence","type":"single_choice","stem":"数列：2，5，10，17，26，？","options":[{"id":"A","text":"36"},{"id":"B","text":"37"},{"id":"C","text":"38"},{"id":"D","text":"35"}]}'::jsonb,'"B"'::jsonb,'{"summary":"正确答案：37","whyCorrect":"相邻差为 3、5、7、9，下一次加 11，得到 37。","whyUserAnswerWrong":"请从相邻项的变化、分组规律或题干中的数量关系逐步验证。","commonMistake":"只凭直觉选数，没有把每一步的变化完整写出来。","memoryTip":"数列先看相邻差、倍数、交替规律，再看平方、立方和递推关系。"}'::jsonb,2,true,1),
  ('numbers-sequence-02','numbers-basic-sequence','numbers-4','single_choice','数列：1，1，2，3，5，？','{"questionId":"numbers-sequence-02","knowledgeId":"numbers-basic-sequence","type":"single_choice","stem":"数列：1，1，2，3，5，？","options":[{"id":"A","text":"6"},{"id":"B","text":"9"},{"id":"C","text":"8"},{"id":"D","text":"7"}]}'::jsonb,'"C"'::jsonb,'{"summary":"正确答案：8","whyCorrect":"从第三项开始，每项等于前两项之和，因此为 8。","whyUserAnswerWrong":"请从相邻项的变化、分组规律或题干中的数量关系逐步验证。","commonMistake":"只凭直觉选数，没有把每一步的变化完整写出来。","memoryTip":"数列先看相邻差、倍数、交替规律，再看平方、立方和递推关系。"}'::jsonb,3,true,1),
  ('numbers-sequence-03','numbers-basic-sequence','numbers-4','single_choice','数列：3，6，12，24，？','{"questionId":"numbers-sequence-03","knowledgeId":"numbers-basic-sequence","type":"single_choice","stem":"数列：3，6，12，24，？","options":[{"id":"A","text":"54"},{"id":"B","text":"36"},{"id":"C","text":"42"},{"id":"D","text":"48"}]}'::jsonb,'"D"'::jsonb,'{"summary":"正确答案：48","whyCorrect":"每一项都是前一项的 2 倍，24×2=48。","whyUserAnswerWrong":"请从相邻项的变化、分组规律或题干中的数量关系逐步验证。","commonMistake":"只凭直觉选数，没有把每一步的变化完整写出来。","memoryTip":"数列先看相邻差、倍数、交替规律，再看平方、立方和递推关系。"}'::jsonb,4,true,1),
  ('numbers-sequence-04','numbers-basic-sequence','numbers-4','single_choice','数列：4，7，12，19，？','{"questionId":"numbers-sequence-04","knowledgeId":"numbers-basic-sequence","type":"single_choice","stem":"数列：4，7，12，19，？","options":[{"id":"A","text":"28"},{"id":"B","text":"27"},{"id":"C","text":"26"},{"id":"D","text":"29"}]}'::jsonb,'"A"'::jsonb,'{"summary":"正确答案：28","whyCorrect":"相邻差为 3、5、7，下一次加 9，得到 28。","whyUserAnswerWrong":"请从相邻项的变化、分组规律或题干中的数量关系逐步验证。","commonMistake":"只凭直觉选数，没有把每一步的变化完整写出来。","memoryTip":"数列先看相邻差、倍数、交替规律，再看平方、立方和递推关系。"}'::jsonb,5,true,1),
  ('numbers-sequence-05','numbers-basic-sequence','numbers-4','single_choice','数列：2，6，12，20，？','{"questionId":"numbers-sequence-05","knowledgeId":"numbers-basic-sequence","type":"single_choice","stem":"数列：2，6，12，20，？","options":[{"id":"A","text":"28"},{"id":"B","text":"29"},{"id":"C","text":"32"},{"id":"D","text":"30"}]}'::jsonb,'"D"'::jsonb,'{"summary":"正确答案：30","whyCorrect":"可写为 1×2、2×3、3×4、4×5，下一项为 5×6=30。","whyUserAnswerWrong":"请从相邻项的变化、分组规律或题干中的数量关系逐步验证。","commonMistake":"只凭直觉选数，没有把每一步的变化完整写出来。","memoryTip":"数列先看相邻差、倍数、交替规律，再看平方、立方和递推关系。"}'::jsonb,2,true,1),
  ('numbers-sequence-06','numbers-basic-sequence','numbers-4','single_choice','数列：81，27，9，3，？','{"questionId":"numbers-sequence-06","knowledgeId":"numbers-basic-sequence","type":"single_choice","stem":"数列：81，27，9，3，？","options":[{"id":"A","text":"6"},{"id":"B","text":"1"},{"id":"C","text":"0"},{"id":"D","text":"2"}]}'::jsonb,'"B"'::jsonb,'{"summary":"正确答案：1","whyCorrect":"每项除以 3，3÷3=1。","whyUserAnswerWrong":"请从相邻项的变化、分组规律或题干中的数量关系逐步验证。","commonMistake":"只凭直觉选数，没有把每一步的变化完整写出来。","memoryTip":"数列先看相邻差、倍数、交替规律，再看平方、立方和递推关系。"}'::jsonb,3,true,1),
  ('numbers-sequence-07','numbers-basic-sequence','numbers-4','single_choice','数列：5，8，13，20，？','{"questionId":"numbers-sequence-07","knowledgeId":"numbers-basic-sequence","type":"single_choice","stem":"数列：5，8，13，20，？","options":[{"id":"A","text":"28"},{"id":"B","text":"30"},{"id":"C","text":"27"},{"id":"D","text":"29"}]}'::jsonb,'"D"'::jsonb,'{"summary":"正确答案：29","whyCorrect":"相邻差为 3、5、7，下一次加 9，得到 29。","whyUserAnswerWrong":"请从相邻项的变化、分组规律或题干中的数量关系逐步验证。","commonMistake":"只凭直觉选数，没有把每一步的变化完整写出来。","memoryTip":"数列先看相邻差、倍数、交替规律，再看平方、立方和递推关系。"}'::jsonb,4,true,1),
  ('numbers-sequence-08','numbers-basic-sequence','numbers-4','single_choice','数列：1，4，9，16，？','{"questionId":"numbers-sequence-08","knowledgeId":"numbers-basic-sequence","type":"single_choice","stem":"数列：1，4，9，16，？","options":[{"id":"A","text":"25"},{"id":"B","text":"26"},{"id":"C","text":"24"},{"id":"D","text":"20"}]}'::jsonb,'"A"'::jsonb,'{"summary":"正确答案：25","whyCorrect":"这是 1²、2²、3²、4²，下一项为 5²=25。","whyUserAnswerWrong":"请从相邻项的变化、分组规律或题干中的数量关系逐步验证。","commonMistake":"只凭直觉选数，没有把每一步的变化完整写出来。","memoryTip":"数列先看相邻差、倍数、交替规律，再看平方、立方和递推关系。"}'::jsonb,5,true,1),
  ('numbers-sequence-09','numbers-basic-sequence','numbers-4','single_choice','数列：7，10，16，25，？','{"questionId":"numbers-sequence-09","knowledgeId":"numbers-basic-sequence","type":"single_choice","stem":"数列：7，10，16，25，？","options":[{"id":"A","text":"34"},{"id":"B","text":"37"},{"id":"C","text":"35"},{"id":"D","text":"38"}]}'::jsonb,'"B"'::jsonb,'{"summary":"正确答案：37","whyCorrect":"相邻差为 3、6、9，下一次加 12，得到 37。","whyUserAnswerWrong":"请从相邻项的变化、分组规律或题干中的数量关系逐步验证。","commonMistake":"只凭直觉选数，没有把每一步的变化完整写出来。","memoryTip":"数列先看相邻差、倍数、交替规律，再看平方、立方和递推关系。"}'::jsonb,2,true,1),
  ('numbers-sequence-10','numbers-basic-sequence','numbers-4','single_choice','数列：2，3，5，8，12，？','{"questionId":"numbers-sequence-10","knowledgeId":"numbers-basic-sequence","type":"single_choice","stem":"数列：2，3，5，8，12，？","options":[{"id":"A","text":"18"},{"id":"B","text":"16"},{"id":"C","text":"17"},{"id":"D","text":"15"}]}'::jsonb,'"C"'::jsonb,'{"summary":"正确答案：17","whyCorrect":"相邻差为 1、2、3、4，下一次加 5，得到 17。","whyUserAnswerWrong":"请从相邻项的变化、分组规律或题干中的数量关系逐步验证。","commonMistake":"只凭直觉选数，没有把每一步的变化完整写出来。","memoryTip":"数列先看相邻差、倍数、交替规律，再看平方、立方和递推关系。"}'::jsonb,3,true,1),
  ('numbers-sequence-11','numbers-basic-sequence','numbers-4','single_choice','数列：1，2，6，24，？','{"questionId":"numbers-sequence-11","knowledgeId":"numbers-basic-sequence","type":"single_choice","stem":"数列：1，2，6，24，？","options":[{"id":"A","text":"96"},{"id":"B","text":"72"},{"id":"C","text":"120"},{"id":"D","text":"144"}]}'::jsonb,'"C"'::jsonb,'{"summary":"正确答案：120","whyCorrect":"依次乘以 2、3、4，下一次乘以 5，24×5=120。","whyUserAnswerWrong":"请从相邻项的变化、分组规律或题干中的数量关系逐步验证。","commonMistake":"只凭直觉选数，没有把每一步的变化完整写出来。","memoryTip":"数列先看相邻差、倍数、交替规律，再看平方、立方和递推关系。"}'::jsonb,4,true,1),
  ('numbers-sequence-12','numbers-basic-sequence','numbers-4','single_choice','数列：64，32，16，8，？','{"questionId":"numbers-sequence-12","knowledgeId":"numbers-basic-sequence","type":"single_choice","stem":"数列：64，32，16，8，？","options":[{"id":"A","text":"4"},{"id":"B","text":"2"},{"id":"C","text":"6"},{"id":"D","text":"3"}]}'::jsonb,'"A"'::jsonb,'{"summary":"正确答案：4","whyCorrect":"每项除以 2，8÷2=4。","whyUserAnswerWrong":"请从相邻项的变化、分组规律或题干中的数量关系逐步验证。","commonMistake":"只凭直觉选数，没有把每一步的变化完整写出来。","memoryTip":"数列先看相邻差、倍数、交替规律，再看平方、立方和递推关系。"}'::jsonb,5,true,1),
  ('numbers-reason-01','numbers-advanced-reasoning','numbers-5','single_choice','数列：3，4，7，11，18，？','{"questionId":"numbers-reason-01","knowledgeId":"numbers-advanced-reasoning","type":"single_choice","stem":"数列：3，4，7，11，18，？","options":[{"id":"A","text":"28"},{"id":"B","text":"29"},{"id":"C","text":"30"},{"id":"D","text":"25"}]}'::jsonb,'"B"'::jsonb,'{"summary":"正确答案：29","whyCorrect":"每项等于前两项之和：11+18=29。","whyUserAnswerWrong":"请从相邻项的变化、分组规律或题干中的数量关系逐步验证。","commonMistake":"只凭直觉选数，没有把每一步的变化完整写出来。","memoryTip":"数列先看相邻差、倍数、交替规律，再看平方、立方和递推关系。"}'::jsonb,2,true,1),
  ('numbers-reason-02','numbers-advanced-reasoning','numbers-5','single_choice','数列：10，9，7，4，0，？','{"questionId":"numbers-reason-02","knowledgeId":"numbers-advanced-reasoning","type":"single_choice","stem":"数列：10，9，7，4，0，？","options":[{"id":"A","text":"-4"},{"id":"B","text":"5"},{"id":"C","text":"-5"},{"id":"D","text":"-3"}]}'::jsonb,'"C"'::jsonb,'{"summary":"正确答案：-5","whyCorrect":"依次减 1、2、3、4，下一次减 5，得到 -5。","whyUserAnswerWrong":"请从相邻项的变化、分组规律或题干中的数量关系逐步验证。","commonMistake":"只凭直觉选数，没有把每一步的变化完整写出来。","memoryTip":"数列先看相邻差、倍数、交替规律，再看平方、立方和递推关系。"}'::jsonb,3,true,1),
  ('numbers-reason-03','numbers-advanced-reasoning','numbers-5','single_choice','数列：2，3，6，11，18，？','{"questionId":"numbers-reason-03","knowledgeId":"numbers-advanced-reasoning","type":"single_choice","stem":"数列：2，3，6，11，18，？","options":[{"id":"A","text":"28"},{"id":"B","text":"25"},{"id":"C","text":"26"},{"id":"D","text":"27"}]}'::jsonb,'"D"'::jsonb,'{"summary":"正确答案：27","whyCorrect":"相邻差为 1、3、5、7，下一次加 9，得到 27。","whyUserAnswerWrong":"请从相邻项的变化、分组规律或题干中的数量关系逐步验证。","commonMistake":"只凭直觉选数，没有把每一步的变化完整写出来。","memoryTip":"数列先看相邻差、倍数、交替规律，再看平方、立方和递推关系。"}'::jsonb,4,true,1),
  ('numbers-reason-04','numbers-advanced-reasoning','numbers-5','single_choice','数列：1，3，7，15，31，？','{"questionId":"numbers-reason-04","knowledgeId":"numbers-advanced-reasoning","type":"single_choice","stem":"数列：1，3，7，15，31，？","options":[{"id":"A","text":"63"},{"id":"B","text":"61"},{"id":"C","text":"47"},{"id":"D","text":"64"}]}'::jsonb,'"A"'::jsonb,'{"summary":"正确答案：63","whyCorrect":"每项为前一项×2+1，31×2+1=63。","whyUserAnswerWrong":"请从相邻项的变化、分组规律或题干中的数量关系逐步验证。","commonMistake":"只凭直觉选数，没有把每一步的变化完整写出来。","memoryTip":"数列先看相邻差、倍数、交替规律，再看平方、立方和递推关系。"}'::jsonb,5,true,1),
  ('numbers-reason-05','numbers-advanced-reasoning','numbers-5','single_choice','数列：2，4，3，6，5，10，？','{"questionId":"numbers-reason-05","knowledgeId":"numbers-advanced-reasoning","type":"single_choice","stem":"数列：2，4，3，6，5，10，？","options":[{"id":"A","text":"6"},{"id":"B","text":"8"},{"id":"C","text":"12"},{"id":"D","text":"7"}]}'::jsonb,'"D"'::jsonb,'{"summary":"正确答案：7","whyCorrect":"奇数位为 2、3、5、7；偶数位为其 2 倍。","whyUserAnswerWrong":"请从相邻项的变化、分组规律或题干中的数量关系逐步验证。","commonMistake":"只凭直觉选数，没有把每一步的变化完整写出来。","memoryTip":"数列先看相邻差、倍数、交替规律，再看平方、立方和递推关系。"}'::jsonb,2,true,1),
  ('numbers-reason-06','numbers-advanced-reasoning','numbers-5','single_choice','数列：4，6，9，13，18，？','{"questionId":"numbers-reason-06","knowledgeId":"numbers-advanced-reasoning","type":"single_choice","stem":"数列：4，6，9，13，18，？","options":[{"id":"A","text":"25"},{"id":"B","text":"24"},{"id":"C","text":"22"},{"id":"D","text":"23"}]}'::jsonb,'"B"'::jsonb,'{"summary":"正确答案：24","whyCorrect":"相邻差为 2、3、4、5，下一次加 6，得到 24。","whyUserAnswerWrong":"请从相邻项的变化、分组规律或题干中的数量关系逐步验证。","commonMistake":"只凭直觉选数，没有把每一步的变化完整写出来。","memoryTip":"数列先看相邻差、倍数、交替规律，再看平方、立方和递推关系。"}'::jsonb,3,true,1),
  ('numbers-reason-07','numbers-advanced-reasoning','numbers-5','single_choice','数列：14，12，9，5，？','{"questionId":"numbers-reason-07","knowledgeId":"numbers-advanced-reasoning","type":"single_choice","stem":"数列：14，12，9，5，？","options":[{"id":"A","text":"1"},{"id":"B","text":"2"},{"id":"C","text":"-1"},{"id":"D","text":"0"}]}'::jsonb,'"D"'::jsonb,'{"summary":"正确答案：0","whyCorrect":"依次减 2、3、4，下一次减 5，得到 0。","whyUserAnswerWrong":"请从相邻项的变化、分组规律或题干中的数量关系逐步验证。","commonMistake":"只凭直觉选数，没有把每一步的变化完整写出来。","memoryTip":"数列先看相邻差、倍数、交替规律，再看平方、立方和递推关系。"}'::jsonb,4,true,1),
  ('numbers-reason-08','numbers-advanced-reasoning','numbers-5','single_choice','数列：1，2，5，10，17，？','{"questionId":"numbers-reason-08","knowledgeId":"numbers-advanced-reasoning","type":"single_choice","stem":"数列：1，2，5，10，17，？","options":[{"id":"A","text":"26"},{"id":"B","text":"27"},{"id":"C","text":"25"},{"id":"D","text":"24"}]}'::jsonb,'"A"'::jsonb,'{"summary":"正确答案：26","whyCorrect":"相邻差为 1、3、5、7，下一次加 9，得到 26。","whyUserAnswerWrong":"请从相邻项的变化、分组规律或题干中的数量关系逐步验证。","commonMistake":"只凭直觉选数，没有把每一步的变化完整写出来。","memoryTip":"数列先看相邻差、倍数、交替规律，再看平方、立方和递推关系。"}'::jsonb,5,true,1),
  ('numbers-reason-09','numbers-advanced-reasoning','numbers-5','single_choice','数列：6，11，21，41，？','{"questionId":"numbers-reason-09","knowledgeId":"numbers-advanced-reasoning","type":"single_choice","stem":"数列：6，11，21，41，？","options":[{"id":"A","text":"61"},{"id":"B","text":"81"},{"id":"C","text":"71"},{"id":"D","text":"82"}]}'::jsonb,'"B"'::jsonb,'{"summary":"正确答案：81","whyCorrect":"每项为前一项×2-1，41×2-1=81。","whyUserAnswerWrong":"请从相邻项的变化、分组规律或题干中的数量关系逐步验证。","commonMistake":"只凭直觉选数，没有把每一步的变化完整写出来。","memoryTip":"数列先看相邻差、倍数、交替规律，再看平方、立方和递推关系。"}'::jsonb,2,true,1),
  ('numbers-reason-10','numbers-advanced-reasoning','numbers-5','single_choice','数列：30，28，24，18，？','{"questionId":"numbers-reason-10","knowledgeId":"numbers-advanced-reasoning","type":"single_choice","stem":"数列：30，28，24，18，？","options":[{"id":"A","text":"12"},{"id":"B","text":"9"},{"id":"C","text":"10"},{"id":"D","text":"8"}]}'::jsonb,'"C"'::jsonb,'{"summary":"正确答案：10","whyCorrect":"依次减 2、4、6，下一次减 8，得到 10。","whyUserAnswerWrong":"请从相邻项的变化、分组规律或题干中的数量关系逐步验证。","commonMistake":"只凭直觉选数，没有把每一步的变化完整写出来。","memoryTip":"数列先看相邻差、倍数、交替规律，再看平方、立方和递推关系。"}'::jsonb,3,true,1),
  ('numbers-reason-11','numbers-advanced-reasoning','numbers-5','single_choice','数列：1，4，2，8，3，12，？','{"questionId":"numbers-reason-11","knowledgeId":"numbers-advanced-reasoning","type":"single_choice","stem":"数列：1，4，2，8，3，12，？","options":[{"id":"A","text":"6"},{"id":"B","text":"5"},{"id":"C","text":"4"},{"id":"D","text":"16"}]}'::jsonb,'"C"'::jsonb,'{"summary":"正确答案：4","whyCorrect":"奇数位为 1、2、3、4；偶数位为 4、8、12。","whyUserAnswerWrong":"请从相邻项的变化、分组规律或题干中的数量关系逐步验证。","commonMistake":"只凭直觉选数，没有把每一步的变化完整写出来。","memoryTip":"数列先看相邻差、倍数、交替规律，再看平方、立方和递推关系。"}'::jsonb,4,true,1),
  ('numbers-reason-12','numbers-advanced-reasoning','numbers-5','single_choice','数列：11，13，17，19，23，？','{"questionId":"numbers-reason-12","knowledgeId":"numbers-advanced-reasoning","type":"single_choice","stem":"数列：11，13，17，19，23，？","options":[{"id":"A","text":"29"},{"id":"B","text":"25"},{"id":"C","text":"31"},{"id":"D","text":"27"}]}'::jsonb,'"A"'::jsonb,'{"summary":"正确答案：29","whyCorrect":"这是连续质数，23 后是 29。","whyUserAnswerWrong":"请从相邻项的变化、分组规律或题干中的数量关系逐步验证。","commonMistake":"只凭直觉选数，没有把每一步的变化完整写出来。","memoryTip":"数列先看相邻差、倍数、交替规律，再看平方、立方和递推关系。"}'::jsonb,5,true,1),
  ('numbers-boss-01','numbers-comprehensive','numbers-boss','numeric_input','67 + 58 = ?','{"questionId":"numbers-boss-01","knowledgeId":"numbers-comprehensive","type":"numeric_input","stem":"67 + 58 = ?","prompt":"请计算后填写答案","inputMode":"numeric"}'::jsonb,'"125"'::jsonb,'{"summary":"答案：125","whyCorrect":"67+50=117，117+8=125。","whyUserAnswerWrong":"请逐步列式计算，避免把运算顺序或百分数基数看错。","commonMistake":"心算时遗漏进位、退位，或将“增长率”误算成增长后的占比。","memoryTip":"先分步计算，再复核一次进位、退位或乘除关系。"}'::jsonb,2,true,1),
  ('numbers-boss-02','numbers-comprehensive','numbers-boss','numeric_input','900 - 347 = ?','{"questionId":"numbers-boss-02","knowledgeId":"numbers-comprehensive","type":"numeric_input","stem":"900 - 347 = ?","prompt":"请计算后填写答案","inputMode":"numeric"}'::jsonb,'"553"'::jsonb,'{"summary":"答案：553","whyCorrect":"900-300=600，600-47=553。","whyUserAnswerWrong":"请逐步列式计算，避免把运算顺序或百分数基数看错。","commonMistake":"心算时遗漏进位、退位，或将“增长率”误算成增长后的占比。","memoryTip":"先分步计算，再复核一次进位、退位或乘除关系。"}'::jsonb,2,true,1),
  ('numbers-boss-03','numbers-comprehensive','numbers-boss','numeric_input','45 × 12 = ?','{"questionId":"numbers-boss-03","knowledgeId":"numbers-comprehensive","type":"numeric_input","stem":"45 × 12 = ?","prompt":"请计算后填写答案","inputMode":"numeric"}'::jsonb,'"540"'::jsonb,'{"summary":"答案：540","whyCorrect":"45×(10+2)=450+90=540。","whyUserAnswerWrong":"请逐步列式计算，避免把运算顺序或百分数基数看错。","commonMistake":"心算时遗漏进位、退位，或将“增长率”误算成增长后的占比。","memoryTip":"先分步计算，再复核一次进位、退位或乘除关系。"}'::jsonb,2,true,1),
  ('numbers-boss-04','numbers-comprehensive','numbers-boss','numeric_input','960 ÷ 15 = ?','{"questionId":"numbers-boss-04","knowledgeId":"numbers-comprehensive","type":"numeric_input","stem":"960 ÷ 15 = ?","prompt":"请计算后填写答案","inputMode":"numeric"}'::jsonb,'"64"'::jsonb,'{"summary":"答案：64","whyCorrect":"15×64=960，因此商为 64。","whyUserAnswerWrong":"请逐步列式计算，避免把运算顺序或百分数基数看错。","commonMistake":"心算时遗漏进位、退位，或将“增长率”误算成增长后的占比。","memoryTip":"先分步计算，再复核一次进位、退位或乘除关系。"}'::jsonb,2,true,1),
  ('numbers-boss-05','numbers-comprehensive','numbers-boss','numeric_input','某量从 400 增加到 460，增长率是多少？','{"questionId":"numbers-boss-05","knowledgeId":"numbers-comprehensive","type":"numeric_input","stem":"某量从 400 增加到 460，增长率是多少？","prompt":"请计算后填写答案","inputMode":"numeric","suffix":"%"}'::jsonb,'"15"'::jsonb,'{"summary":"答案：15%","whyCorrect":"增长量 60÷400×100%=15%。","whyUserAnswerWrong":"请逐步列式计算，避免把运算顺序或百分数基数看错。","commonMistake":"心算时遗漏进位、退位，或将“增长率”误算成增长后的占比。","memoryTip":"先找比较基数：增长率 = 增量 ÷ 原数 × 100%。"}'::jsonb,3,true,1),
  ('numbers-boss-06','numbers-comprehensive','numbers-boss','numeric_input','四个数 76、84、90、110 的平均数是多少？','{"questionId":"numbers-boss-06","knowledgeId":"numbers-comprehensive","type":"numeric_input","stem":"四个数 76、84、90、110 的平均数是多少？","prompt":"请计算后填写答案","inputMode":"numeric"}'::jsonb,'"90"'::jsonb,'{"summary":"答案：90","whyCorrect":"总和 360÷4=90。","whyUserAnswerWrong":"请逐步列式计算，避免把运算顺序或百分数基数看错。","commonMistake":"心算时遗漏进位、退位，或将“增长率”误算成增长后的占比。","memoryTip":"先分步计算，再复核一次进位、退位或乘除关系。"}'::jsonb,2,true,1),
  ('numbers-boss-07','numbers-comprehensive','numbers-boss','numeric_input','180 占 720 的百分比是多少？','{"questionId":"numbers-boss-07","knowledgeId":"numbers-comprehensive","type":"numeric_input","stem":"180 占 720 的百分比是多少？","prompt":"请计算后填写答案","inputMode":"numeric","suffix":"%"}'::jsonb,'"25"'::jsonb,'{"summary":"答案：25%","whyCorrect":"180÷720=1÷4=25%。","whyUserAnswerWrong":"请逐步列式计算，避免把运算顺序或百分数基数看错。","commonMistake":"心算时遗漏进位、退位，或将“增长率”误算成增长后的占比。","memoryTip":"先找比较基数：增长率 = 增量 ÷ 原数 × 100%。"}'::jsonb,2,true,1),
  ('numbers-boss-08','numbers-comprehensive','numbers-boss','numeric_input','8 占 20 的百分比是多少？','{"questionId":"numbers-boss-08","knowledgeId":"numbers-comprehensive","type":"numeric_input","stem":"8 占 20 的百分比是多少？","prompt":"请计算后填写答案","inputMode":"numeric","suffix":"%"}'::jsonb,'"40"'::jsonb,'{"summary":"答案：40%","whyCorrect":"8÷20×100%=40%。","whyUserAnswerWrong":"请逐步列式计算，避免把运算顺序或百分数基数看错。","commonMistake":"心算时遗漏进位、退位，或将“增长率”误算成增长后的占比。","memoryTip":"先找比较基数：增长率 = 增量 ÷ 原数 × 100%。"}'::jsonb,2,true,1),
  ('numbers-boss-09','numbers-comprehensive','numbers-boss','numeric_input','125 × 8 = ?','{"questionId":"numbers-boss-09","knowledgeId":"numbers-comprehensive","type":"numeric_input","stem":"125 × 8 = ?","prompt":"请计算后填写答案","inputMode":"numeric"}'::jsonb,'"1000"'::jsonb,'{"summary":"答案：1000","whyCorrect":"125×8=1000。","whyUserAnswerWrong":"请逐步列式计算，避免把运算顺序或百分数基数看错。","commonMistake":"心算时遗漏进位、退位，或将“增长率”误算成增长后的占比。","memoryTip":"先分步计算，再复核一次进位、退位或乘除关系。"}'::jsonb,2,true,1),
  ('numbers-boss-10','numbers-comprehensive','numbers-boss','numeric_input','1440 ÷ 12 = ?','{"questionId":"numbers-boss-10","knowledgeId":"numbers-comprehensive","type":"numeric_input","stem":"1440 ÷ 12 = ?","prompt":"请计算后填写答案","inputMode":"numeric"}'::jsonb,'"120"'::jsonb,'{"summary":"答案：120","whyCorrect":"12×120=1440。","whyUserAnswerWrong":"请逐步列式计算，避免把运算顺序或百分数基数看错。","commonMistake":"心算时遗漏进位、退位，或将“增长率”误算成增长后的占比。","memoryTip":"先分步计算，再复核一次进位、退位或乘除关系。"}'::jsonb,2,true,1),
  ('numbers-boss-11','numbers-comprehensive','numbers-boss','single_choice','数列：2，6，18，54，？','{"questionId":"numbers-boss-11","knowledgeId":"numbers-comprehensive","type":"single_choice","stem":"数列：2，6，18，54，？","options":[{"id":"A","text":"144"},{"id":"B","text":"108"},{"id":"C","text":"162"},{"id":"D","text":"216"}]}'::jsonb,'"C"'::jsonb,'{"summary":"正确答案：162","whyCorrect":"每项乘以 3，54×3=162。","whyUserAnswerWrong":"请从相邻项的变化、分组规律或题干中的数量关系逐步验证。","commonMistake":"只凭直觉选数，没有把每一步的变化完整写出来。","memoryTip":"数列先看相邻差、倍数、交替规律，再看平方、立方和递推关系。"}'::jsonb,3,true,1),
  ('numbers-boss-12','numbers-comprehensive','numbers-boss','single_choice','数列：13，17，23，31，？','{"questionId":"numbers-boss-12","knowledgeId":"numbers-comprehensive","type":"single_choice","stem":"数列：13，17，23，31，？","options":[{"id":"A","text":"41"},{"id":"B","text":"37"},{"id":"C","text":"43"},{"id":"D","text":"39"}]}'::jsonb,'"A"'::jsonb,'{"summary":"正确答案：41","whyCorrect":"相邻差为 4、6、8，下一次加 10，得到 41。","whyUserAnswerWrong":"请从相邻项的变化、分组规律或题干中的数量关系逐步验证。","commonMistake":"只凭直觉选数，没有把每一步的变化完整写出来。","memoryTip":"数列先看相邻差、倍数、交替规律，再看平方、立方和递推关系。"}'::jsonb,4,true,1),
  ('numbers-boss-13','numbers-comprehensive','numbers-boss','single_choice','数列：1，2，4，7，11，？','{"questionId":"numbers-boss-13","knowledgeId":"numbers-comprehensive","type":"single_choice","stem":"数列：1，2，4，7，11，？","options":[{"id":"A","text":"15"},{"id":"B","text":"16"},{"id":"C","text":"17"},{"id":"D","text":"14"}]}'::jsonb,'"B"'::jsonb,'{"summary":"正确答案：16","whyCorrect":"相邻差为 1、2、3、4，下一次加 5，得到 16。","whyUserAnswerWrong":"请从相邻项的变化、分组规律或题干中的数量关系逐步验证。","commonMistake":"只凭直觉选数，没有把每一步的变化完整写出来。","memoryTip":"数列先看相邻差、倍数、交替规律，再看平方、立方和递推关系。"}'::jsonb,5,true,1),
  ('numbers-boss-14','numbers-comprehensive','numbers-boss','single_choice','数列：3，8，15，24，？','{"questionId":"numbers-boss-14","knowledgeId":"numbers-comprehensive","type":"single_choice","stem":"数列：3，8，15，24，？","options":[{"id":"A","text":"32"},{"id":"B","text":"36"},{"id":"C","text":"35"},{"id":"D","text":"34"}]}'::jsonb,'"C"'::jsonb,'{"summary":"正确答案：35","whyCorrect":"相邻差为 5、7、9，下一次加 11，得到 35。","whyUserAnswerWrong":"请从相邻项的变化、分组规律或题干中的数量关系逐步验证。","commonMistake":"只凭直觉选数，没有把每一步的变化完整写出来。","memoryTip":"数列先看相邻差、倍数、交替规律，再看平方、立方和递推关系。"}'::jsonb,5,true,1),
  ('numbers-boss-15','numbers-comprehensive','numbers-boss','single_choice','数列：2，12，36，80，？','{"questionId":"numbers-boss-15","knowledgeId":"numbers-comprehensive","type":"single_choice","stem":"数列：2，12，36，80，？","options":[{"id":"A","text":"180"},{"id":"B","text":"120"},{"id":"C","text":"125"},{"id":"D","text":"150"}]}'::jsonb,'"D"'::jsonb,'{"summary":"正确答案：150","whyCorrect":"可写为 2×1²、3×2²、4×3²、5×4²，下一项为 6×5²=150。","whyUserAnswerWrong":"请从相邻项的变化、分组规律或题干中的数量关系逐步验证。","commonMistake":"只凭直觉选数，没有把每一步的变化完整写出来。","memoryTip":"数列先看相邻差、倍数、交替规律，再看平方、立方和递推关系。"}'::jsonb,3,true,1),
  ('numbers-boss-16','numbers-comprehensive','numbers-boss','single_choice','数列：100，95，85，70，？','{"questionId":"numbers-boss-16","knowledgeId":"numbers-comprehensive","type":"single_choice","stem":"数列：100，95，85，70，？","options":[{"id":"A","text":"50"},{"id":"B","text":"48"},{"id":"C","text":"45"},{"id":"D","text":"55"}]}'::jsonb,'"A"'::jsonb,'{"summary":"正确答案：50","whyCorrect":"依次减 5、10、15，下一次减 20，得到 50。","whyUserAnswerWrong":"请从相邻项的变化、分组规律或题干中的数量关系逐步验证。","commonMistake":"只凭直觉选数，没有把每一步的变化完整写出来。","memoryTip":"数列先看相邻差、倍数、交替规律，再看平方、立方和递推关系。"}'::jsonb,4,true,1),
  ('numbers-boss-17','numbers-comprehensive','numbers-boss','single_choice','数列：5，10，8，16，14，？','{"questionId":"numbers-boss-17","knowledgeId":"numbers-comprehensive","type":"single_choice","stem":"数列：5，10，8，16，14，？","options":[{"id":"A","text":"24"},{"id":"B","text":"26"},{"id":"C","text":"30"},{"id":"D","text":"28"}]}'::jsonb,'"D"'::jsonb,'{"summary":"正确答案：28","whyCorrect":"交替乘 2、减 2：14×2=28。","whyUserAnswerWrong":"请从相邻项的变化、分组规律或题干中的数量关系逐步验证。","commonMistake":"只凭直觉选数，没有把每一步的变化完整写出来。","memoryTip":"数列先看相邻差、倍数、交替规律，再看平方、立方和递推关系。"}'::jsonb,5,true,1),
  ('numbers-boss-18','numbers-comprehensive','numbers-boss','single_choice','数列：1，1，2，6，24，？','{"questionId":"numbers-boss-18","knowledgeId":"numbers-comprehensive","type":"single_choice","stem":"数列：1，1，2，6，24，？","options":[{"id":"A","text":"144"},{"id":"B","text":"120"},{"id":"C","text":"60"},{"id":"D","text":"96"}]}'::jsonb,'"B"'::jsonb,'{"summary":"正确答案：120","whyCorrect":"依次乘以 1、2、3、4，下一次乘以 5，得到 120。","whyUserAnswerWrong":"请从相邻项的变化、分组规律或题干中的数量关系逐步验证。","commonMistake":"只凭直觉选数，没有把每一步的变化完整写出来。","memoryTip":"数列先看相邻差、倍数、交替规律，再看平方、立方和递推关系。"}'::jsonb,5,true,1),
  ('numbers-boss-19','numbers-comprehensive','numbers-boss','single_choice','数列：9，16，25，36，？','{"questionId":"numbers-boss-19","knowledgeId":"numbers-comprehensive","type":"single_choice","stem":"数列：9，16，25，36，？","options":[{"id":"A","text":"45"},{"id":"B","text":"64"},{"id":"C","text":"42"},{"id":"D","text":"49"}]}'::jsonb,'"D"'::jsonb,'{"summary":"正确答案：49","whyCorrect":"这是 3²、4²、5²、6²，下一项为 7²=49。","whyUserAnswerWrong":"请从相邻项的变化、分组规律或题干中的数量关系逐步验证。","commonMistake":"只凭直觉选数，没有把每一步的变化完整写出来。","memoryTip":"数列先看相邻差、倍数、交替规律，再看平方、立方和递推关系。"}'::jsonb,3,true,1),
  ('numbers-boss-20','numbers-comprehensive','numbers-boss','single_choice','数列：2，4，8，16，？','{"questionId":"numbers-boss-20","knowledgeId":"numbers-comprehensive","type":"single_choice","stem":"数列：2，4，8，16，？","options":[{"id":"A","text":"32"},{"id":"B","text":"36"},{"id":"C","text":"30"},{"id":"D","text":"24"}]}'::jsonb,'"A"'::jsonb,'{"summary":"正确答案：32","whyCorrect":"每项乘以 2，16×2=32。","whyUserAnswerWrong":"请从相邻项的变化、分组规律或题干中的数量关系逐步验证。","commonMistake":"只凭直觉选数，没有把每一步的变化完整写出来。","memoryTip":"数列先看相邻差、倍数、交替规律，再看平方、立方和递推关系。"}'::jsonb,4,true,1)
on conflict (id) do update set knowledge_id=excluded.knowledge_id,level_id=excluded.level_id,question_type=excluded.question_type,stem=excluded.stem,options=excluded.options,correct_answer=excluded.correct_answer,explanation=excluded.explanation,difficulty=excluded.difficulty,published=excluded.published,version=excluded.version;

-- 选择题的选项按题目 ID 和选项文本做确定性乱序；正确选项位置不会形成 A/B/C/D 循环。
with source as (
  select q.id,q.options,q.correct_answer #>> '{}' as old_label,
    (select option->>'text' from jsonb_array_elements(q.options->'options') option where option->>'id'=q.correct_answer #>> '{}') as correct_text
  from public.questions q
  where q.id ~ '^numbers-(sequence|reason)-' or q.id ~ '^numbers-boss-(1[1-9]|20)$'
), ordered as (
  select source.id,source.correct_text,option,
    row_number() over (partition by source.id order by md5(source.id || (option->>'text'))) as position
  from source cross join jsonb_array_elements(source.options->'options') option
), reordered as (
  select id,correct_text,
    jsonb_agg(jsonb_set(option,'{id}',to_jsonb(chr(64+position::int))) order by position) as options
  from ordered group by id,correct_text
)
update public.questions q set
  options=jsonb_set(q.options,'{options}',reordered.options),
  correct_answer=to_jsonb((select chr(64+ordered.position::int) from ordered where ordered.id=reordered.id and ordered.option->>'text'=reordered.correct_text))
from reordered where q.id=reordered.id;

-- 共 80 题：基础计算、资料分析、思维能力、数字推理与综合试炼。
